ASVAB01;ASVAB02;ASVAB03;ASVAB04;ASVAB05;ASVAB06;ASVABC;HEIGHT;WEIGHT85;WEIGHT02;W_EXP;EARNINGS;HOURS;SM;SF;SIBLINGS;LIBRARY;POV78;TENURE;COLLBARG;CATGOV;CATPRI;CATSE;URBAN;REGNE;REGNC;REGW;REGS;idd;FEMALE;MALE;ETHBLACK;ETHHISP;ETHWHITE;AGE;S;EDUCPROF;EDUCPHD;EDUCMAST;EDUCBA;EDUCAA;EDUCHSD;EDUCDO;SINGLE;MARRIED;DIVORCED;FAITHN;FAITHP;FAITHC;FAITHJ;FAITHO
25;34;31;22;26;34;30,25;70;145;204;17,65769;9,1;40,1;9;10;3;1;0;16,73077;0;1;0;0;0;0;1;0;0;3640;0;1;0;0;1;37;12;0;0;0;0;0;1;0;0;1;0;0;0;0;0;1
56;43;48;47;52;59;45,25;71;136;178;21,42308;10;35;16;13;2;1;;14,01923;0;0;1;0;1;1;0;0;0;277;0;1;0;0;1;42;12;0;0;0;0;0;1;0;1;0;0;0;0;1;0;0
53;49;49;51;38;42;49,5;70;169;196;23,27308;20,6;48;11;8;3;0;0;15,01923;0;0;1;0;1;0;0;1;0;5167;0;1;0;0;1;42;12;0;0;0;0;0;1;0;0;1;0;0;1;0;0;0
57;37;43;39;34;30;39;70;166;182;21,02308;9,97;40;12;12;10;0;0;3,942308;1;0;1;0;1;0;1;0;0;2578;0;1;0;0;1;41;12;0;0;0;0;0;1;0;0;1;0;0;1;0;0;0
57;51;59;53;41;45;53,5;70;175;222;22,30385;12,4;;11;9;4;1;0;4,673077;0;0;1;0;1;0;0;0;1;2998;0;1;0;0;1;41;12;0;0;0;0;0;1;0;0;1;0;0;0;1;0;0
39;39;41;30;40;40;37,25;75;166;175;15,67692;12,4;50,1;12;8;2;0;0;14,07692;0;0;1;0;0;1;0;0;0;3055;0;1;0;0;1;39;12;0;0;0;0;0;1;0;0;1;0;0;0;1;0;0
53;38;41;35;29;38;38;74;171;210;15,94231;15;40;12;7;3;1;0;7,076923;0;0;1;0;1;0;0;1;0;5211;0;1;0;0;1;38;12;0;0;0;0;0;1;0;0;1;0;0;1;0;0;0
55;49;55;51;46;34;51;74;241;271;15,35;13,71;53,9;12;16;1;1;;7,211538;0;0;1;0;1;0;1;0;0;5344;0;1;0;0;1;38;16;0;0;0;1;0;0;0;0;1;0;0;0;1;0;0
53;48;57;61;54;47;53,5;63;141;155;13,90769;14,32;40;12;12;4;0;0;13,11539;0;0;1;0;0;0;1;0;0;1975;0;1;0;0;1;38;12;0;0;0;0;0;1;0;0;1;0;0;1;0;0;0
52;56;56;52;49;41;55;69;216;230;17,90385;30;48,1;12;12;3;1;0;22,73077;1;0;1;0;1;0;1;0;0;3494;0;1;0;0;1;45;13;0;0;0;0;0;1;0;0;1;0;0;0;1;0;0
54;62;57;45;61;41;56,5;72;195;189;15,09615;;16,1;14;12;1;1;0;8,153846;0;0;1;0;1;1;0;0;0;4698;0;1;0;0;1;38;16;0;0;0;1;0;0;0;0;1;0;0;0;0;1;0
39;45;29;37;38;44;39;73;149;184;20,94615;20,79;47;13;8;2;1;0;10,73077;0;0;1;0;1;0;0;0;1;2419;0;1;0;0;1;39;10;0;0;0;0;0;0;1;0;1;0;0;1;0;0;0
64;59;61;58;58;52;59,25;73;151;151;18,32308;19,55;40,1;12;9;3;0;0;8,403846;0;0;1;0;0;0;1;0;0;3616;0;1;0;0;1;39;12;0;0;0;0;0;1;0;0;1;0;0;0;1;0;0
61;46;60;54;41;44;51,5;72;169;211;21,94615;19,23;40;12;16;1;1;0;7,346154;1;1;0;0;1;1;0;0;0;417;0;1;0;0;1;41;12;0;0;0;0;0;1;0;0;1;0;0;0;1;0;0
63;62;56;60;47;51;;69;134;170;21,46154;86,63;50,1;12;18;0;1;0;6,769231;0;0;1;0;1;1;0;0;0;269;0;1;0;0;1;43;16;0;0;0;1;0;0;0;0;1;0;0;0;1;0;0
45;39;52;57;46;46;46,75;67;209;224;14,25;11,21;44,9;12;12;1;1;0;1,076923;0;0;1;0;1;0;0;0;1;12044;0;1;0;0;1;40;18;0;0;1;0;0;0;0;0;1;0;0;1;0;0;0
38;40;42;47;43;44;42,25;63;154;220;20,83077;23,07;40,1;11;11;3;1;0;12,30769;1;1;0;0;1;0;0;0;1;3932;0;1;1;0;0;40;12;0;0;0;0;0;1;0;0;0;1;0;1;0;0;0
43;45;37;45;50;51;43;65;156;170;15,51539;13,08;40;2;0;6;1;1;8,115385;1;0;1;0;0;0;0;1;0;1837;0;1;0;1;0;45;13;0;0;0;0;0;0;1;0;0;1;0;0;1;0;0
59;51;55;55;57;32;53;;196;209;23,26923;27,77;45,1;12;16;0;1;0;2;0;0;1;0;0;0;0;0;1;1107;0;1;0;0;1;45;12;0;0;0;0;0;1;0;0;1;0;0;1;0;0;0
64;64;62;50;61;71;60;70;169;169;22,86539;38,14;46,1;16;17;0;1;0;20,73077;0;0;1;0;1;0;0;0;1;5017;0;1;0;0;1;42;14;0;0;0;0;0;1;0;0;1;0;0;1;0;0;0
52;39;50;60;43;44;47;74;196;239;20,92308;18,47;45,1;12;12;3;1;1;5,480769;0;0;1;0;2;0;1;0;0;3751;0;1;0;0;1;38;12;0;0;0;0;0;1;0;0;1;0;0;0;1;0;0
65;67;55;60;63;71;62,25;76;230;235;19,98077;16,76;45;16;17;2;1;0;3,692308;0;1;0;0;1;0;0;0;1;5651;0;1;0;0;1;44;18;0;0;1;0;0;0;0;0;1;0;0;0;1;0;0
65;53;52;44;45;44;50,5;72;149;189;20,85;43,65;39,9;12;14;2;1;0;19,03846;1;0;1;0;1;0;1;0;0;4707;0;1;0;0;1;37;12;0;0;0;0;0;0;0;0;1;0;0;0;1;0;0
51;46;48;49;50;45;47,25;68;154;176;22,54231;35,61;35;11;11;8;1;0;7,057693;1;1;0;0;1;1;0;0;0;847;0;1;1;0;0;43;16;0;0;0;0;0;1;0;0;1;0;0;0;0;0;1
55;53;50;48;41;41;51;75;294;400;22,73461;11,22;45,1;10;11;1;0;0;2,134615;0;0;1;0;1;0;0;0;1;2191;0;1;0;0;1;44;12;0;0;0;0;0;1;0;0;1;0;0;1;0;0;0
52;51;51;49;56;50;50,5;67;155;174;20,68846;40,96;40,1;5;6;8;1;1;0,9423077;0;0;1;0;1;0;0;0;1;2703;0;1;0;1;0;42;16;0;0;0;1;0;0;0;0;1;0;0;0;1;0;0
55;54;57;52;55;52;54,25;68;170;181;23,52308;;40;11;12;3;0;0;7,192307;1;0;1;0;1;0;1;0;0;3777;0;1;0;0;1;42;12;0;0;0;0;0;1;0;0;1;0;0;1;0;0;0
53;53;55;49;59;47;52,5;70;141;141;21,46154;11,9;50;14;14;1;1;0;6,480769;0;0;1;0;1;0;0;1;0;5187;0;1;0;0;1;41;13;0;0;0;0;0;1;0;0;0;1;1;0;0;0;0
63;58;58;49;54;63;55,75;71;224;260;23,30769;19,46;40;12;12;6;1;0;14,76923;0;0;1;0;1;0;0;0;1;4278;0;1;0;0;1;42;12;0;0;0;0;0;1;0;0;1;0;0;0;1;0;0
40;60;41;48;56;51;52,25;74;165;211;17,90385;21;40,1;12;16;5;1;0;4,961538;1;0;1;0;1;0;1;0;0;659;0;1;0;0;1;43;14;0;0;0;0;0;1;0;0;1;0;0;0;1;0;0
61;63;57;60;52;50;;71;170;176;14,32692;30,86;59,9;13;18;4;1;0;14,26923;0;0;1;0;2;0;1;0;0;4829;0;1;0;0;1;39;16;0;0;0;1;0;0;0;0;1;0;0;0;1;0;0
49;61;53;58;59;48;58,25;70;164;184;23,08077;26,72;37,9;12;12;6;0;0;21,03846;1;0;1;0;1;0;1;0;0;3591;0;1;0;0;1;41;12;0;0;0;0;0;1;0;0;0;1;0;0;1;0;0
45;46;42;35;42;48;42,25;65;159;200;19,15769;25;40,1;10;6;4;0;0;0,1346154;0;0;1;0;0;0;0;0;1;1471;0;1;0;0;1;44;8;0;0;0;0;0;0;1;0;0;1;0;1;0;0;0
45;57;44;46;50;50;51;72;145;190;19,11154;13,85;39,9;12;10;3;1;0;13,63461;1;0;1;0;1;0;1;0;0;4770;0;1;0;0;1;38;12;0;0;0;0;0;1;0;0;1;0;0;1;0;0;0
62;54;53;56;62;55;54,25;69;150;184;19,30769;17,7;40;10;12;5;1;0;13,34615;0;0;1;0;0;0;1;0;0;2475;0;1;0;0;1;39;12;0;0;0;0;0;1;0;0;1;0;0;0;1;0;0
61;53;61;59;61;57;56,5;73;169;181;18,06154;47;45;16;18;1;0;0;3,326923;0;0;1;0;1;0;0;1;0;2010;0;1;0;0;1;44;19;0;0;0;1;0;0;0;0;1;0;0;1;0;0;0
57;53;58;60;54;38;56;75;171;175;20,41923;10,37;40;11;14;0;1;1;8,365385;0;0;1;0;1;0;1;0;0;4879;0;1;0;0;1;44;12;0;0;0;0;0;1;0;0;1;0;0;0;1;0;0
61;63;62;55;43;44;60,75;72;201;251;18,69231;18,95;;12;12;1;1;0;15,13461;1;0;1;0;1;0;0;0;1;4064;0;1;0;0;1;38;12;0;0;0;0;0;1;0;0;0;1;0;1;0;0;0
56;63;60;62;51;56;62;67;150;180;14,11154;23,07;60;16;17;4;1;0;13,73077;1;1;0;0;1;0;1;0;0;874;0;1;0;0;1;38;18;0;0;1;0;0;0;0;0;1;0;0;0;1;0;0
61;58;56;52;47;51;56;69;201;299;20,28461;14,1;39,9;10;10;3;1;0;3,942308;0;0;1;0;1;0;0;0;1;3493;0;1;0;0;1;44;12;0;0;0;0;0;1;0;0;1;0;0;0;1;0;0
48;55;50;50;48;50;52,5;67;148;171;12,55385;24,13;19,9;8;4;3;1;0;3,230769;0;0;1;0;1;0;0;1;0;1851;0;1;0;1;0;43;14;0;0;0;0;0;1;0;1;0;0;0;0;1;0;0
66;67;62;58;62;45;63,5;68;155;149;10,94231;25,98;37;17;20;3;1;0;5,269231;1;1;0;0;1;0;0;0;1;2845;0;1;0;0;1;39;20;0;1;0;0;0;0;0;0;1;0;1;0;0;0;0
65;54;59;52;50;52;54,75;72;201;250;18,35;29,6;40;12;16;2;1;0;6,134615;1;0;1;0;1;0;0;1;0;4468;0;1;0;0;1;43;13;0;0;0;0;0;1;0;0;1;0;0;1;0;0;0
69;67;61;60;44;46;63,75;70;225;231;8,85;15,4;40,1;12;8;2;1;0;4,711538;1;1;0;0;1;0;1;0;0;4799;0;1;0;0;1;40;18;0;0;0;1;0;0;0;1;0;0;0;1;0;0;0
67;65;59;63;61;63;63;69;138;144;15,82308;3,46;60;16;20;2;1;;11,09615;1;0;1;0;1;0;1;0;0;3172;0;1;0;0;1;43;20;0;1;0;0;0;0;0;0;1;0;0;0;0;1;0
37;37;33;36;29;29;;69;159;176;14,78846;11,9;44,9;10;12;7;1;1;1,692308;0;0;1;0;0;0;0;0;1;4068;0;1;0;0;1;39;8;0;0;0;0;0;0;1;0;0;1;0;1;0;0;0
43;38;47;47;40;38;42,5;72;189;210;21,52308;12,29;40,1;10;6;6;0;1;18,59615;0;0;1;0;0;0;1;0;0;5307;0;1;0;0;1;42;12;0;0;0;0;0;1;0;0;1;0;1;0;0;0;0
49;39;48;32;32;36;39,5;73;167;204;22,81154;14,67;40,1;11;11;2;1;0;2,288461;0;1;0;0;1;0;0;1;0;4335;0;1;0;0;1;42;11;0;0;0;0;0;0;1;0;1;0;0;1;0;0;0
68;66;61;61;62;69;63,5;73;169;166;17,47692;52,75;55;14;16;1;1;0;9,538462;0;0;1;0;1;0;0;0;1;5029;0;1;0;0;1;40;16;0;0;0;0;0;0;0;0;1;0;0;1;0;0;0
47;40;38;37;36;43;38,75;70;179;234;16,4;13,4;39,9;12;8;5;1;0;14,25;0;0;1;0;1;0;0;1;0;4412;0;1;0;1;0;39;12;0;0;0;0;0;1;0;1;0;0;0;0;1;0;0
65;66;59;60;56;55;62,75;68;155;154;17,92308;29,11;50,9;16;13;0;0;0;7,538462;0;1;0;0;1;0;1;0;0;653;0;1;0;0;1;42;18;0;0;1;0;0;0;0;0;1;0;0;0;0;0;1
65;59;60;58;63;52;59;70;175;179;18,86154;29,15;44,9;16;16;2;1;0;17,92308;0;0;1;0;1;0;0;1;0;825;0;1;0;0;1;44;17;0;0;0;1;0;0;0;0;1;0;0;0;1;0;0
53;48;60;53;44;49;52,25;68;235;310;23,18846;37,88;57,1;9;10;0;1;0;14,88461;0;0;1;0;0;0;0;0;1;3829;0;1;0;0;1;43;12;0;0;0;0;0;1;0;0;1;0;0;1;0;0;0
65;67;57;52;61;66;60,75;68;184;241;16,48461;30,45;45;17;17;2;1;0;2,692308;0;0;1;0;1;0;1;0;0;3390;0;1;1;0;0;42;20;0;0;0;0;0;0;0;0;1;0;0;0;0;0;1
21;36;23;28;28;26;30,75;64;200;195;20,86539;12,65;49,9;9;10;3;1;0;1,75;1;1;0;0;0;0;0;0;1;5604;0;1;0;0;1;42;9;0;0;0;0;0;0;1;0;1;0;0;0;0;0;1
53;60;54;55;47;31;57,25;;296;246;3,811539;5,6;57,9;9;12;3;1;0;0,5961539;0;0;1;0;1;0;0;1;0;5207;0;1;0;0;1;43;14;0;0;0;0;0;1;0;1;0;0;0;1;0;0;0
44;45;39;23;39;42;38;71;185;249;17,63461;25,58;40;10;12;3;1;0;4,980769;1;1;0;0;1;0;0;1;0;5235;0;1;0;0;1;38;14;0;0;0;0;0;1;0;0;0;1;0;1;0;0;0
59;62;51;57;56;46;58;70;181;189;18,13846;16,43;50;12;12;2;1;0;13,55769;0;0;1;0;0;0;0;0;1;1188;0;1;0;0;1;39;15;0;0;0;0;0;1;0;0;1;0;0;0;0;1;0
63;65;60;62;52;57;63;69;216;229;22,6;19,23;40,1;11;12;3;1;0;24,82692;0;0;1;0;1;1;0;0;0;392;0;1;0;0;1;42;12;0;0;0;0;0;1;0;0;1;0;0;0;1;0;0
49;57;52;52;52;53;54,5;71;134;150;16,18846;20,02;38;12;12;2;1;0;5,326923;0;0;1;0;1;0;0;1;0;1788;0;1;0;0;1;37;12;0;0;0;0;0;1;0;1;0;0;0;0;1;0;0
61;46;61;55;46;49;;73;176;213;18,55769;14;50;8;12;1;0;0;3,346154;0;0;1;0;0;0;0;0;1;1085;0;1;0;0;1;41;12;0;0;0;0;0;1;0;0;0;1;0;1;0;0;0
29;34;28;29;40;31;31,25;67;144;164;21,46539;12;40,1;11;10;6;0;0;16,61539;1;1;0;0;1;0;0;0;1;1527;0;1;1;0;0;45;12;0;0;0;0;0;1;0;0;1;0;0;1;0;0;0
58;51;55;58;40;45;53,75;74;151;186;19,82308;22,39;44,1;12;12;1;1;0;17,46154;0;1;0;0;1;0;0;0;1;2330;0;1;0;0;1;40;14;0;0;0;0;0;1;0;0;1;0;0;1;0;0;0
59;50;57;56;54;55;53,25;72;209;246;10,78846;7,9;40,1;12;12;3;1;0;0,0576923;0;0;1;0;1;0;0;1;0;1612;0;1;0;0;1;40;15;0;0;0;0;1;0;0;0;1;0;0;0;0;0;1
61;65;57;53;47;45;60;69;164;176;13,98461;18,8;45,1;12;12;3;1;0;3,019231;0;0;1;0;1;0;0;0;1;146;0;1;0;0;1;38;12;0;0;0;0;0;1;0;0;0;1;0;0;1;0;0
60;53;50;58;61;38;53,5;73;159;191;11,85;18,09;50,9;12;12;1;1;0;2,711539;0;0;1;0;0;0;0;1;0;4552;0;1;0;0;1;38;15;0;0;0;0;0;1;0;0;1;0;0;0;1;0;0
64;65;56;60;62;58;61,5;74;181;204;15,97692;29,55;47,1;17;16;1;1;0;7,307693;0;0;1;0;0;0;0;0;1;2291;0;1;0;0;1;37;16;0;0;0;1;0;0;0;0;1;0;0;0;1;0;0
55;37;43;50;47;48;41,75;72;190;211;23,13846;21,29;40;12;12;5;0;0;7,596154;1;0;1;0;0;1;0;0;0;3059;0;1;0;0;1;45;12;0;0;0;0;0;1;0;0;0;1;0;0;1;0;0
46;43;34;33;21;29;38,25;70;205;208;15,22692;9,7;50;10;10;2;0;0;12,76923;0;0;1;0;0;0;0;0;1;2122;0;1;0;0;1;43;12;0;0;0;0;0;1;0;0;1;0;0;1;0;0;0
69;66;61;59;50;55;63;69;161;185;16,19615;47;45;16;16;6;1;0;13,94231;0;0;1;0;1;0;1;0;0;3431;0;1;0;0;1;38;17;0;0;0;1;0;0;0;0;1;0;0;1;0;0;0
45;44;47;42;55;56;44,25;69;146;172;21,80385;15,45;45,1;12;9;1;1;0;3,442308;0;0;1;0;0;0;0;0;1;5586;0;1;0;0;1;41;12;0;0;0;0;0;1;0;0;1;0;0;1;0;0;0
53;36;53;41;43;41;41,5;70;199;217;23,35;14,7;49,9;14;14;1;1;0;2,826923;0;0;1;0;1;0;0;0;1;4159;0;1;0;0;1;41;12;0;0;0;0;0;1;0;0;1;0;0;1;0;0;0
49;56;47;54;54;54;53,25;71;195;201;20,33077;16,51;40,1;12;12;5;0;0;11,59615;1;0;1;0;0;1;0;0;0;1859;0;1;0;0;1;44;12;0;0;0;0;0;1;0;0;1;0;0;0;1;0;0
53;53;57;49;50;39;53;72;171;236;22,9;20,29;50,1;12;12;4;1;0;1,769231;0;0;1;0;1;0;0;1;0;3706;0;1;0;0;1;45;13;0;0;0;0;0;1;0;0;1;0;0;1;0;0;0
67;66;59;59;53;49;62,5;67;165;209;14,15769;52,98;40;20;20;1;1;1;14,05769;1;1;0;0;1;0;0;0;1;3690;0;1;0;0;1;40;18;1;0;0;0;0;0;0;1;0;0;0;1;0;0;0
58;62;55;44;50;50;55,75;71;191;225;18,38461;25;49,9;11;12;3;1;0;3,288461;0;0;1;0;1;1;0;0;0;393;0;1;0;0;1;39;13;0;0;0;0;0;1;0;0;1;0;0;0;1;0;0
41;36;30;28;32;35;32,5;66;159;161;21,53846;7,54;35,9;8;9;3;1;1;0,8653846;0;0;1;0;1;1;0;0;0;1887;0;1;0;0;1;41;12;0;0;0;0;0;1;0;1;0;0;0;1;0;0;0
45;50;47;53;42;43;50;70;158;160;23,07692;11,88;43,9;12;12;6;1;0;4,788462;0;0;1;0;1;0;1;0;0;2086;0;1;0;0;1;43;12;0;0;0;0;0;1;0;0;0;1;0;0;1;0;0
52;55;52;58;52;45;55;66;135;164;18,63846;25,6;39,9;13;13;5;1;;16,63461;1;0;1;0;1;0;0;1;0;1677;0;1;0;0;1;39;12;0;0;0;0;0;1;0;0;1;0;0;1;0;0;0
39;41;34;50;36;42;41,5;;160;220;18,55385;14,04;40;12;12;0;0;0;2,615385;0;0;1;0;1;1;0;0;0;3310;0;1;1;0;0;39;12;0;0;0;0;0;1;0;0;1;0;0;1;0;0;0
50;59;55;43;60;47;54;75;175;241;15,15385;21,97;40;12;12;1;1;0;2,134615;0;0;1;0;1;0;0;0;1;11809;0;1;0;0;1;38;16;0;0;0;1;0;0;0;1;0;0;0;1;0;0;0
67;34;61;56;54;55;46,25;72;159;186;14,52308;27,24;40;12;16;2;1;0;1,519231;0;0;1;0;1;0;0;1;0;3588;0;1;0;0;1;40;18;0;0;0;1;0;0;0;0;1;0;0;0;0;0;1
53;49;50;53;51;32;50,25;69;190;220;15,18846;14,24;53,9;11;3;4;0;0;0,7692308;0;0;1;0;0;0;0;0;1;5222;0;1;0;1;0;39;16;0;0;0;0;0;1;0;0;1;0;0;0;1;0;0
59;55;57;44;52;55;52,75;73;149;176;12,40385;33,82;40,1;16;16;2;1;0;11,25;1;1;0;0;1;0;0;1;0;1916;0;1;0;0;1;39;19;0;0;0;1;0;0;0;0;1;0;0;1;0;0;0
53;58;50;57;62;61;55,75;71;164;211;20,32308;55,1;50;12;12;1;0;0;14,53846;0;0;1;0;1;0;0;0;1;2033;0;1;0;0;1;39;12;0;0;0;0;0;1;0;0;1;0;0;1;0;0;0
48;53;54;49;48;53;52,25;71;144;175;16,05769;16,25;42;15;14;2;1;0;4,692307;0;0;1;0;0;0;1;0;0;11889;0;1;0;0;1;38;17;0;0;0;1;0;0;0;0;1;0;0;0;0;0;1
61;50;59;56;61;57;53,75;74;184;189;20,86539;;49,9;12;12;3;1;1;9,134615;0;0;1;0;1;0;0;0;1;3581;0;1;0;0;1;44;16;0;0;0;1;0;0;0;0;1;0;0;1;0;0;0
57;57;52;45;62;58;52,75;69;156;186;16,32692;33,92;52,1;16;17;1;1;0;19,78846;0;0;1;0;1;0;0;1;0;198;0;1;0;0;1;39;18;0;0;0;1;0;0;0;0;1;0;0;1;0;0;0
69;60;59;56;62;56;58,75;72;186;211;1,407692;127,9;10,1;12;14;1;1;0;1,307692;0;0;0;0;1;0;0;0;1;4907;0;1;0;0;1;42;20;1;0;0;0;0;0;0;0;1;0;0;0;0;0;1
48;53;54;53;55;46;53,25;70;163;168;14,92308;17,44;54;12;13;1;1;0;4,923077;0;1;0;0;1;0;1;0;0;562;0;1;0;0;1;40;20;0;0;1;0;0;0;0;0;1;0;0;1;0;0;0
45;50;46;34;47;45;45;71;181;195;20,06154;25,5;45,1;12;12;2;1;0;6,980769;1;0;1;0;0;0;1;0;0;3479;0;1;0;0;1;38;12;0;0;0;0;0;1;0;0;1;0;0;1;0;0;0
53;55;55;60;51;44;56,25;70;164;196;23,03846;10,78;45,1;12;11;2;0;0;2,153846;0;0;1;0;1;0;0;1;0;5263;0;1;0;0;1;45;14;0;0;0;0;0;1;0;0;1;0;0;0;1;0;0
41;43;37;28;40;29;37,75;66;179;211;19,80385;16,06;39,9;12;14;3;1;1;18,92308;1;0;1;0;0;0;1;0;0;5291;0;1;0;0;1;39;12;0;0;0;0;0;1;0;0;1;0;0;1;0;0;0
49;58;51;49;50;53;54;66;143;176;15,55769;14,11;40,1;6;6;4;1;0;3,461539;0;0;1;0;0;0;0;0;1;4129;0;1;0;0;1;39;14;0;0;0;0;1;0;0;0;1;0;0;1;0;0;0
57;50;54;56;53;57;52,5;70;160;179;9,673077;31,15;40,1;13;16;3;1;0;4,826923;0;0;1;0;1;0;0;1;0;12106;0;1;0;0;1;38;18;0;0;0;1;0;0;0;1;0;0;0;0;0;0;1
36;44;49;48;50;47;46,25;66;136;160;13,44231;39,9;50,1;12;15;2;1;0;5,461538;0;1;0;0;1;0;0;0;1;11972;0;1;0;1;0;40;20;0;0;1;0;0;0;0;0;1;0;0;0;1;0;0
57;54;53;54;42;40;53,75;73;181;198;13,32308;19,4;52,9;12;12;3;1;0;3,846154;0;0;1;0;1;0;1;0;0;4765;0;1;0;0;1;38;12;0;0;0;0;0;1;0;0;0;1;0;1;0;0;0
59;52;58;60;53;57;55,5;74;184;256;13,24615;21,07;54,9;14;16;1;1;0;1,692308;0;0;1;0;0;1;0;0;0;445;0;1;0;0;1;37;16;0;0;0;1;0;0;0;1;0;0;0;1;0;0;0
49;46;48;43;45;52;45,75;70;179;201;17,43846;7,64;39,9;11;11;3;0;0;2,538461;0;0;1;0;0;0;0;1;0;1591;0;1;0;0;1;39;12;0;0;0;0;0;1;0;0;1;0;1;0;0;0;0
61;66;62;59;61;62;63,25;73;200;225;14,30769;33,55;40,1;12;14;2;1;0;2,230769;0;0;1;0;1;1;0;0;0;3141;0;1;0;0;1;40;16;0;0;0;1;0;0;0;1;0;0;0;1;0;0;0
58;58;50;47;45;45;53,25;71;139;171;13,95769;22,1;40;13;12;1;1;0;0,0192308;0;0;1;0;0;0;0;1;0;4348;0;1;0;0;1;38;14;0;0;0;0;0;0;1;0;1;0;1;0;0;0;0
63;56;61;60;49;46;58,25;69;185;231;17,59231;18,7;39,9;20;20;2;1;0;16,03846;1;1;0;0;1;0;0;1;0;12068;0;1;0;1;0;39;16;0;0;0;1;0;0;0;1;0;0;0;1;0;0;0
45;33;34;43;37;41;35,75;64;110;141;15,33077;15,48;39,9;9;10;2;0;1;11,09615;0;1;0;0;0;0;0;0;1;2767;0;1;0;0;1;38;14;0;0;0;0;1;0;0;0;1;0;0;0;0;0;1
63;57;58;54;58;36;56,5;72;181;200;12,92308;26,41;50,1;12;16;2;1;0;4,269231;0;0;1;0;1;0;1;0;0;2005;0;1;0;0;1;38;16;0;0;0;1;0;0;0;0;1;0;0;1;0;0;0
56;62;59;62;58;50;61,25;70;176;241;20,26539;16,78;41;12;12;4;1;0;11,86539;0;0;1;0;0;0;1;0;0;5377;0;1;0;0;1;41;14;0;0;0;0;1;0;0;0;0;1;0;0;1;0;0
61;56;60;58;50;51;57,5;70;159;200;11,68846;32,15;42,1;12;10;1;1;0;5,5;0;0;1;0;1;0;0;1;0;4448;0;1;0;0;1;38;16;0;0;0;1;0;0;0;0;1;0;0;1;0;0;0
38;38;22;33;25;40;32,75;69;169;160;18,15;8,5;40;11;12;7;1;0;3,326923;0;0;1;0;1;1;0;0;0;87;0;1;1;0;0;39;12;0;0;0;0;0;1;0;1;0;0;0;1;0;0;0
59;64;61;63;62;56;63;73;155;165;16,80769;19,58;42,1;12;16;3;1;;0,8846154;0;1;0;0;1;1;0;0;0;213;0;1;0;0;1;39;16;0;0;0;1;0;0;0;1;0;0;0;0;1;0;0
41;40;29;31;27;42;35;74;180;174;6,730769;6,05;20,1;12;6;7;1;1;0,25;0;0;1;0;1;0;0;0;1;3942;0;1;1;0;0;44;11;0;0;0;0;0;0;1;1;0;0;0;1;0;0;0
30;35;23;32;20;24;31,25;64;138;164;9,153846;8,75;40;11;11;7;1;0;3,730769;0;0;1;0;1;1;0;0;0;85;0;1;1;0;0;43;11;0;0;0;0;0;0;1;1;0;0;1;0;0;0;0
38;37;44;33;50;51;37,75;73;193;189;19,84615;26,12;44;7;12;0;0;0;17,78846;1;0;1;0;0;0;0;0;1;2816;0;1;0;0;1;41;12;0;0;0;0;0;1;0;1;0;0;0;0;0;0;1
40;40;44;45;51;43;42,25;69;156;174;9,615385;15,65;46,9;14;12;4;1;1;8,980769;0;0;1;0;0;0;0;0;1;1386;0;1;1;0;0;41;12;0;0;0;0;0;1;0;0;1;0;0;1;0;0;0
69;64;61;62;62;66;62,75;69;160;160;20,65;9,51;60;14;12;4;1;0;1,923077;0;0;1;0;0;0;1;0;0;2463;0;1;0;0;1;44;15;0;0;0;0;0;1;0;0;1;0;0;0;0;0;1
53;61;46;57;52;56;56,25;74;184;174;20,86539;15,9;40;12;14;4;1;0;1,942308;0;0;1;0;0;0;0;1;0;1556;0;1;0;0;1;39;12;0;0;0;0;0;1;0;0;1;0;0;0;1;0;0
33;42;33;39;51;51;39;73;180;175;16,80769;7,9;49,9;12;12;5;1;0;3,230769;0;0;1;0;1;0;1;0;0;2466;0;1;0;0;1;40;10;0;0;0;0;0;0;1;0;0;1;0;0;0;0;1
64;52;61;59;43;54;56;69;156;220;21,67692;15;39,9;13;15;1;1;0;6,057693;0;1;0;0;0;0;0;0;1;1790;0;1;0;0;1;41;12;0;0;0;0;0;1;0;0;1;0;1;0;0;0;0
63;66;58;58;57;55;62;72;190;221;17,94615;17,02;39,9;17;20;1;1;0;1,461538;1;0;1;0;1;0;1;0;0;2024;0;1;0;0;1;42;15;0;0;0;1;0;0;0;0;0;1;0;1;0;0;0
65;61;56;60;62;64;59,5;70;213;234;21,23077;41,02;45;12;12;1;0;0;0,6730769;0;0;1;0;1;0;1;0;0;3533;0;1;0;0;1;44;14;0;0;0;0;0;1;0;0;1;0;0;0;1;0;0
47;46;53;48;49;43;48,25;70;156;214;22,46539;13,3;48;14;14;2;1;0;6,480769;0;0;1;0;1;0;0;1;0;11888;0;1;0;0;1;40;12;0;0;0;0;0;1;0;0;0;1;0;1;0;0;0
51;57;40;31;55;45;46,25;71;141;194;20,84231;18,15;40,1;12;12;0;1;0;11,32692;0;0;1;0;1;0;1;0;0;1011;0;1;0;0;1;39;12;0;0;0;0;0;1;0;0;1;0;0;0;1;0;0
53;64;42;54;63;66;56;64;151;184;20,45769;24,71;50;12;11;2;1;0;13,21154;1;0;1;0;1;0;0;1;0;2386;0;1;0;1;0;40;15;0;0;0;0;0;1;0;0;0;1;0;0;1;0;0
56;45;47;56;61;55;48,25;74;164;194;19,30769;13,9;40;12;12;2;1;0;9,711538;0;0;1;0;1;0;1;0;0;956;0;1;0;0;1;38;13;0;0;0;0;0;1;0;0;1;0;0;1;0;0;0
67;63;61;62;47;37;62,25;74;270;281;10,75385;15,28;40,1;4;14;8;1;1;6,730769;1;1;0;0;1;0;0;0;1;2649;0;1;0;1;0;41;18;0;0;0;1;0;0;0;1;0;0;0;0;1;0;0
39;41;39;33;32;48;38,5;67;154;189;21,98077;22,85;55,1;16;16;2;1;0;6,326923;1;0;1;0;1;0;0;0;1;4008;0;1;1;0;0;44;13;0;0;0;0;0;1;0;1;0;0;0;1;0;0;0
60;58;58;50;41;44;56;71;156;201;22,1;23,33;30;12;14;3;1;0;0,7692308;0;0;1;0;0;0;0;0;1;1169;0;1;0;0;1;43;12;0;0;0;0;0;1;0;0;1;0;0;1;0;0;0
63;65;61;58;61;60;62,25;67;155;171;22,07692;114,06;26,9;12;16;2;1;0;15,92308;0;0;1;0;1;0;0;1;0;18;0;1;0;0;1;44;13;0;0;0;0;0;1;0;0;0;1;0;0;0;0;1
53;59;55;59;59;56;58;77;200;200;21,32692;27,11;47;12;14;2;1;0;18,82692;0;0;1;0;0;0;0;0;1;5666;0;1;0;0;1;43;16;0;0;0;1;0;0;0;0;1;0;0;1;0;0;0
59;65;56;58;53;41;61;72;165;239;9,91923;31,35;39,9;12;14;3;1;0;0,1538462;0;0;1;0;1;0;0;1;0;4635;0;1;0;0;1;40;17;0;0;0;1;0;0;0;0;1;0;0;1;0;0;0
51;42;47;48;37;39;44,75;67;154;161;19,44615;14,9;40;10;12;3;0;0;6,461538;0;0;1;0;0;0;0;0;1;5580;0;1;0;0;1;38;12;0;0;0;0;0;0;1;0;0;1;0;0;1;0;0
51;56;48;51;56;56;52,75;72;170;185;21,13846;16,52;40;8;16;3;1;0;3,288461;0;1;0;0;1;0;0;1;0;12100;0;1;0;0;1;40;12;0;0;0;0;0;1;0;0;1;0;0;1;0;0;0
69;59;60;60;40;47;59,5;75;201;231;13,80769;13,83;42;5;8;5;0;0;9,403846;0;1;0;0;0;0;0;0;1;2776;0;1;0;0;1;40;14;0;0;0;0;1;0;0;0;1;0;0;1;0;0;0
55;43;45;41;40;42;43;68;154;178;5,711538;22;60,1;12;12;7;1;0;1,153846;0;0;1;0;1;0;0;1;0;1663;0;1;0;1;0;38;12;0;0;0;0;1;0;0;0;0;1;0;0;1;0;0
53;45;45;48;39;39;45,75;73;166;165;13,86539;8,88;31,9;16;14;3;1;0;1,653846;0;0;1;0;0;0;0;1;0;1627;0;1;0;0;1;38;12;0;0;0;0;0;1;0;0;0;1;0;0;1;0;0
41;46;45;27;36;42;41;65;176;172;12,65769;9,75;40;8;12;2;1;0;8,038462;1;0;1;0;1;1;0;0;0;253;0;1;0;0;1;37;11;0;0;0;0;0;0;1;1;0;0;0;0;1;0;0
44;38;43;43;51;44;40,5;63;144;161;18,96154;20,1;40,1;12;12;1;0;0;7,519231;1;0;1;0;1;0;1;0;0;819;0;1;0;0;1;40;14;0;0;0;0;1;0;0;0;1;0;0;0;0;1;0
31;42;29;35;30;24;37;67;191;250;21,97692;5,1;39,9;10;12;4;1;0;11,07692;0;0;1;0;0;0;0;0;1;2762;0;1;1;0;0;42;12;0;0;0;0;0;1;0;0;1;0;0;1;0;0;0
63;65;60;60;51;65;62,5;72;171;251;11,76539;50,06;46;12;12;1;1;0;2,807692;0;0;1;0;1;0;1;0;0;2800;0;1;0;0;1;40;18;0;0;1;0;0;0;0;0;0;1;0;1;0;0;0
35;41;39;35;50;29;39;73;184;258;11,98461;17,09;43;12;12;2;1;0;7,942307;1;1;0;0;0;0;0;0;1;11937;0;1;1;0;0;41;20;0;0;1;0;0;0;0;0;1;0;0;1;0;0;0
39;39;53;47;40;40;44,5;72;166;199;16,85;12,1;40,1;11;16;3;1;0;2,365385;1;0;1;0;1;0;1;0;0;3540;0;1;1;0;0;41;11;0;0;0;0;0;0;1;1;0;0;0;1;0;0;0
69;66;61;59;61;55;63;66;140;194;18,63077;15,61;44,1;12;18;2;0;0;11,38461;0;1;0;0;1;0;0;0;1;2222;0;1;0;0;1;43;16;0;0;0;1;0;0;0;0;1;0;0;1;0;0;0
39;44;46;44;47;41;44,5;71;198;211;14,61923;9;39,9;12;12;7;0;1;0,0961538;0;0;1;0;1;0;0;0;1;4181;0;1;1;0;0;39;11;0;0;0;0;0;1;0;1;0;0;0;1;0;0;0
53;42;53;50;47;31;46,75;70;180;219;21,57308;14,35;40,1;10;8;4;0;0;1;0;0;1;0;1;1;0;0;0;3202;0;1;0;0;1;43;12;0;0;0;0;0;1;0;0;0;1;0;1;0;0;0
45;36;43;47;47;60;40,5;73;190;230;19,49615;15,7;49,9;12;12;4;0;0;20,90385;0;0;1;0;0;0;1;0;0;3569;0;1;0;0;1;38;12;0;0;0;0;0;1;0;0;1;0;0;0;0;0;1
66;63;59;54;48;41;59,75;71;175;229;17,02308;15,59;40;17;20;3;1;0;9,692307;1;1;0;0;1;0;0;1;0;1708;0;1;0;0;1;43;16;0;0;0;1;0;0;0;0;1;0;0;1;0;0;0
56;58;60;63;44;43;59,75;70;155;165;18,46154;85,37;45;16;16;3;1;0;3,538461;0;0;1;0;1;0;0;1;0;4407;0;1;0;0;1;41;16;0;0;0;1;0;0;0;1;0;0;0;0;1;0;0
41;54;50;56;50;49;53,5;74;229;229;19,75;10,67;40,1;12;14;1;1;0;4,634615;1;0;1;0;1;0;0;0;1;1156;0;1;1;0;0;45;12;0;0;0;0;0;1;0;1;0;0;0;1;0;0;0
55;62;60;63;43;45;61,75;70;139;151;13,18846;23,07;39,9;13;16;4;0;0;1,115385;0;1;0;0;1;0;1;0;0;4831;0;1;0;0;1;37;18;0;0;1;0;0;0;0;1;0;0;0;0;1;0;0
59;67;58;62;53;54;63,5;75;179;190;19,06154;39,91;53;15;16;3;0;0;7,5;0;0;1;0;1;0;1;0;0;959;0;1;0;0;1;42;14;0;0;0;0;0;1;0;0;1;0;0;0;1;0;0
62;63;59;51;60;55;59;73;181;228;23,34231;14,6;40,1;12;11;3;1;1;17,65385;1;1;0;0;1;0;1;0;0;4884;0;1;0;0;1;44;12;0;0;0;0;0;1;0;0;1;0;0;0;1;0;0
43;44;38;39;52;40;41,25;67;186;225;11,43846;15,9;50;12;10;6;1;0;3,365385;0;1;0;0;0;0;0;0;1;1521;0;1;1;0;0;41;12;0;0;0;0;0;1;0;0;1;0;0;1;0;0;0
32;36;32;36;32;29;35;73;159;221;20,99615;11,01;45,1;10;10;2;1;0;0,2692308;0;0;1;0;1;0;1;0;0;630;0;1;0;0;1;38;8;0;0;0;0;0;0;1;0;1;0;0;0;0;0;1
50;46;47;46;53;32;46,25;71;181;195;22,47692;28,84;50,1;12;12;4;1;0;17,55769;0;0;1;0;1;0;0;0;1;39;0;1;0;0;1;43;12;0;0;0;0;0;1;0;0;1;0;0;1;0;0;0
64;66;62;63;63;64;64,25;72;163;176;16,9;35,06;55;16;16;1;1;0;12,42308;0;0;1;0;1;1;0;0;0;3170;0;1;0;0;1;41;19;1;0;0;0;0;0;0;0;1;0;0;0;0;1;0
67;63;60;58;63;56;61;68;147;164;15,40385;58,9;44;12;13;2;1;0;2,288461;0;0;1;0;1;0;1;0;0;776;0;1;0;0;1;41;17;0;0;0;1;0;0;0;0;1;0;0;1;0;0;0
61;63;55;59;61;63;60;72;171;206;15,92692;72,11;39,9;12;10;2;1;1;3,75;0;0;1;0;1;0;0;0;1;4609;0;1;0;0;1;41;20;0;0;1;0;0;0;0;0;1;0;0;1;0;0;0
38;42;38;38;41;39;40;67;210;249;21,19615;18,85;40;13;14;3;1;0;6,865385;1;0;1;0;1;0;1;0;0;3353;0;1;0;0;1;41;12;0;0;0;0;0;1;0;1;0;0;0;1;0;0;0
45;38;34;40;28;41;37,5;67;121;216;15,71539;13,6;39,9;12;9;5;0;0;5,5;0;0;1;0;0;0;1;0;0;5323;0;1;0;0;1;41;10;0;0;0;0;0;0;1;1;0;0;0;1;0;0;0
33;40;45;48;38;25;43,25;73;192;279;5,076923;21,01;45;12;12;3;1;;2,653846;1;0;1;0;1;0;0;1;0;1390;0;1;1;0;0;38;12;0;0;0;0;0;1;0;0;1;0;0;1;0;0;0
51;65;53;55;44;45;59,5;73;199;224;13,47692;10,95;40,1;9;10;2;1;0;5,75;0;1;0;0;1;0;0;0;1;2787;0;1;0;0;1;38;12;0;0;0;0;0;1;0;0;0;1;0;1;0;0;0
46;40;36;42;48;31;39,5;65;132;161;17,36539;11;40;12;11;1;1;1;9,269231;1;0;1;0;1;0;0;1;0;1759;0;1;1;0;0;41;13;0;0;0;0;0;1;0;0;1;0;0;1;0;0;0
53;62;47;46;58;56;54,25;73;180;199;23,19231;39,96;48,1;12;12;4;1;0;23,71154;0;0;1;0;1;0;0;1;0;4545;0;1;0;0;1;45;12;0;0;0;0;0;1;0;0;1;0;0;1;0;0;0
48;39;51;49;46;54;44,5;75;191;231;13,9;13,23;40;10;13;3;1;0;0,25;1;0;1;0;1;0;1;0;0;917;0;1;0;0;1;43;12;0;0;0;0;0;1;0;1;0;0;0;0;1;0;0
62;63;62;61;58;52;62,25;71;156;199;12,03846;34,9;40,1;12;12;0;1;0;0,1538462;0;0;1;0;1;0;0;0;1;3894;0;1;0;0;1;40;18;0;0;1;0;0;0;0;0;1;0;0;1;0;0;0
54;45;57;57;52;47;51;70;146;199;17,15769;10;39,9;12;12;4;1;0;5,173077;1;0;1;0;1;0;1;0;0;3845;0;1;0;0;1;42;12;0;0;0;0;0;1;0;0;0;1;0;1;0;0;0
54;43;60;51;37;44;49,25;64;149;176;17,05769;9,1;49,9;9;6;2;1;0;1,596154;0;0;1;0;0;0;0;0;1;5691;0;1;0;0;1;43;11;0;0;0;0;0;0;1;0;0;1;0;1;0;0;0
33;42;36;43;33;38;40,75;73;195;216;21,01539;9;40,1;12;12;5;1;0;1,288462;0;0;1;0;1;1;0;0;0;3127;0;1;0;0;1;40;12;0;0;0;0;0;1;0;0;1;0;0;1;0;0;0
51;49;51;39;44;48;47;72;139;196;18,26923;16,5;51,9;11;12;3;1;0;3,038461;0;0;1;0;1;0;0;0;1;3830;0;1;0;0;1;38;12;0;0;0;0;0;1;0;0;1;0;0;1;0;0;0
36;39;45;46;47;50;42,25;75;180;169;11,65769;30,44;40;12;12;2;1;0;12,48077;1;1;0;0;1;0;0;1;0;4518;0;1;0;0;1;37;15;0;0;0;1;0;0;0;0;1;0;0;0;1;0;0
59;60;50;53;53;57;55,75;70;209;229;22,32308;17,3;40;12;12;3;1;;3,173077;0;0;1;0;0;0;1;0;0;2516;0;1;0;0;1;40;12;0;0;0;0;1;0;0;0;1;0;0;1;0;0;0
51;44;53;60;57;46;50,25;68;141;206;18,40769;12,92;60,1;12;12;2;1;1;2,038461;0;0;1;0;1;0;0;0;1;4979;0;1;0;1;0;37;12;0;0;0;0;0;1;0;0;1;0;0;0;1;0;0
61;50;57;60;50;48;54,25;74;229;216;20,08077;29,06;39,9;12;12;1;1;0;1;0;0;1;0;1;0;0;1;0;5358;0;1;0;0;1;39;14;0;0;0;0;0;1;0;0;0;1;0;1;0;0;0
37;37;38;29;43;43;35,25;65;151;149;18,59231;7;40;12;7;3;1;1;1,692308;0;0;1;0;1;0;0;0;1;2051;0;1;0;0;1;38;11;0;0;0;0;0;0;1;0;1;0;0;1;0;0;0
50;55;58;53;58;47;55,25;68;184;201;20,21539;13;50;12;12;2;1;0;0,5769231;0;0;1;0;0;0;1;0;0;718;0;1;0;0;1;43;12;0;0;0;0;0;1;0;0;0;1;0;1;0;0;0
55;52;55;55;52;44;53,5;70;206;201;18,73077;22,11;40,1;12;12;2;1;0;26,11539;1;1;0;0;1;0;1;0;0;480;0;1;0;0;1;44;18;0;0;1;0;0;0;0;0;1;0;0;1;0;0;0
44;43;36;37;38;39;39,75;70;129;138;20,4;13,9;40;6;6;2;1;0;0,0192308;0;0;1;0;2;0;0;0;1;2194;0;1;0;0;1;38;9;0;0;0;0;0;0;1;0;1;0;0;1;0;0;0
58;61;52;47;56;57;55,25;71;144;176;11,65;13,4;40;12;12;4;1;0;6,980769;0;0;1;0;1;0;1;0;0;4327;0;1;0;0;1;37;12;0;0;0;0;0;1;0;0;1;0;0;1;0;0;0
43;42;54;48;47;51;46,5;69;196;210;20,75385;8,6;40;12;10;0;0;0;0,0961538;1;1;0;0;2;0;0;0;1;2163;0;1;0;0;1;44;14;0;0;0;0;1;0;0;0;1;0;0;0;1;0;0
55;65;53;50;54;42;58,25;71;155;236;17,54231;26,6;37,1;13;8;2;1;1;2,326923;0;0;1;0;1;0;0;1;0;4586;0;1;0;0;1;37;12;0;0;0;0;0;1;0;0;1;0;0;1;0;0;0
45;36;42;38;38;34;38;72;159;190;13,77308;7,9;50;16;8;4;1;1;0,5576923;0;0;1;0;1;1;0;0;0;248;0;1;0;0;1;41;12;0;0;0;0;0;1;0;0;0;1;1;0;0;0;0
41;42;47;46;42;50;44,25;73;145;170;23,40385;14;50;10;12;4;1;0;1,461538;0;0;1;0;0;0;0;0;1;4000;0;1;0;0;1;44;7;0;0;0;0;0;0;1;0;1;0;0;1;0;0;0
41;53;29;45;32;40;45;69;171;211;21,72692;18,34;40,1;12;12;1;1;0;9,480769;0;1;0;0;2;1;0;0;0;1917;0;1;0;0;1;40;12;0;0;0;0;0;1;0;0;1;0;0;1;0;0;0
67;66;60;61;63;61;63,25;74;204;280;10,76539;109,61;49,9;14;17;2;1;0;0,0384615;1;0;1;0;0;0;1;0;0;3887;0;1;0;0;1;40;20;1;0;0;0;0;0;0;0;1;0;0;1;0;0;0
63;58;60;53;41;43;57,25;67;146;240;11,00385;39,43;40;12;15;1;1;0;1,903846;0;0;1;0;1;0;0;1;0;1784;0;1;0;0;1;38;15;0;0;0;0;1;0;0;0;1;0;0;0;0;0;1
41;39;33;29;51;44;35;72;170;210;20,34231;17,12;44,9;9;9;4;0;0;10,96154;0;0;1;0;0;0;1;0;0;3570;0;1;0;0;1;41;9;0;0;0;0;0;0;1;0;1;0;0;1;0;0;0
60;56;51;50;57;57;53,25;69;170;177;20,92308;16,34;39,9;12;12;2;1;0;14;0;0;1;0;1;0;1;0;0;973;0;1;0;0;1;39;12;0;0;0;0;0;1;0;1;0;0;0;1;0;0;0
39;38;40;42;53;46;39,5;74;151;164;20,27308;15;40;12;12;6;1;0;18,11539;0;0;1;0;1;0;1;0;0;2089;0;1;0;0;1;39;12;0;0;0;0;0;1;0;0;0;1;0;0;1;0;0
63;62;56;51;55;53;57,75;70;186;204;18,41923;34,25;40,1;13;12;4;1;1;8,634615;1;0;1;0;1;0;1;0;0;3425;0;1;0;0;1;38;13;0;0;0;0;0;1;0;1;0;0;0;1;0;0;0
56;57;52;49;41;47;53,75;71;196;181;20,51923;22,97;49,9;12;16;5;1;0;20,38461;0;0;1;0;1;1;0;0;0;3219;0;1;0;0;1;41;14;0;0;0;0;1;0;0;0;1;0;0;0;1;0;0
55;50;52;53;61;62;51,25;65;119;139;23,52308;26,64;40,1;12;15;1;0;0;21,01923;0;0;1;0;0;0;1;0;0;638;0;1;0;0;1;41;13;0;0;0;0;0;1;0;0;1;0;0;0;0;0;1
61;64;60;60;61;58;62;65;131;157;15,9;16,38;45,1;14;16;2;1;0;9,423077;0;0;0;1;1;0;1;0;0;4877;0;1;0;0;1;44;16;0;0;0;1;0;0;0;0;1;0;0;0;1;0;0
67;66;62;59;62;56;63,25;68;163;191;15,5;39,86;55;14;15;1;1;0;15,05769;0;0;1;0;1;1;0;0;0;2861;0;1;0;0;1;39;17;0;0;1;0;0;0;0;0;1;0;0;0;0;0;1
66;61;51;49;54;42;55,5;74;169;220;17,55385;12,9;40;12;16;5;1;0;1,980769;0;0;1;0;1;0;0;1;0;1802;0;1;0;0;1;38;12;0;0;0;0;0;1;0;0;0;1;0;0;1;0;0
57;39;56;55;58;47;47,25;77;188;227;20,93846;12,1;40;11;6;4;1;0;2,25;0;0;1;0;0;0;0;0;1;2157;0;1;0;0;1;44;12;0;0;0;0;0;1;0;0;1;0;0;1;0;0;0
59;63;57;61;60;54;61;73;209;256;10,76923;44,17;48,1;11;14;1;1;0;6,5;0;0;1;0;1;0;0;1;0;4514;0;1;0;0;1;44;15;0;0;0;1;0;0;0;0;1;0;0;1;0;0;0
49;50;44;41;40;43;46,25;70;144;164;21,42308;21;54,9;16;12;1;1;0;16,09615;0;0;1;0;1;0;1;0;0;613;0;1;0;0;1;39;12;0;0;0;0;0;1;0;0;1;0;1;0;0;0;0
48;42;43;46;39;30;43,25;66;179;223;21,75385;14,9;58,9;12;12;4;1;0;5,903846;0;0;1;0;0;0;1;0;0;5329;0;1;0;0;1;40;13;0;0;0;0;0;1;0;0;1;0;0;0;1;0;0
53;46;52;41;47;51;46,25;68;230;231;21,79231;29,9;50;12;14;1;1;0;18,21154;0;0;1;0;0;0;0;0;1;2187;0;1;0;0;1;40;13;0;0;0;0;0;1;0;0;0;1;0;1;0;0;0
56;53;55;55;55;62;54;63;136;146;20,51539;8;17,9;6;6;7;1;0;0,8076923;0;0;1;0;1;0;0;0;1;2694;0;1;0;1;0;43;15;0;0;0;1;0;0;0;1;0;0;0;1;0;0;0
57;58;57;62;52;50;58,75;71;179;186;23,54231;110,47;40;15;14;1;1;0;24,61539;0;0;0;1;0;0;0;0;1;4088;0;1;0;0;1;45;13;0;0;0;0;0;1;0;0;1;0;0;1;0;0;0
60;49;61;55;52;54;53,5;69;174;200;11,27308;57,79;49,9;16;16;2;1;0;1,692308;0;0;1;0;1;1;0;0;0;73;0;1;0;0;1;38;18;0;0;0;1;0;0;0;1;0;0;0;1;0;0;0
62;62;58;56;46;48;59,5;75;251;270;12,96154;2,5;60,1;16;14;2;1;0;10,98077;0;0;0;1;1;0;0;0;1;12056;0;1;0;0;1;42;15;0;0;0;0;0;1;0;0;1;0;0;0;0;0;1
59;60;56;59;45;48;58,75;72;201;206;22,96154;27,9;40;12;12;2;1;0;18,09615;0;1;0;0;1;0;0;1;0;4329;0;1;0;0;1;43;12;0;0;0;0;0;1;0;0;1;0;0;1;0;0;0
68;64;62;61;56;60;62,75;68;181;191;19,68846;27,88;40,1;11;12;2;1;0;12,96154;0;0;1;0;1;0;1;0;0;796;0;1;0;0;1;41;16;0;0;0;1;0;0;0;0;1;0;0;1;0;0;0
57;54;51;46;55;52;51,25;67;177;175;18,17308;33,75;40,1;12;12;3;1;0;14,11539;1;1;0;0;0;1;0;0;0;235;0;1;0;0;1;39;15;0;0;0;0;1;0;0;0;1;0;0;1;0;0;0
57;50;54;59;48;44;53,25;68;156;231;18,18846;15,1;45;16;16;3;1;0;1,403846;0;0;1;0;1;0;0;0;1;1081;0;1;0;0;1;40;14;0;0;0;0;1;0;0;1;0;0;1;0;0;0;0
61;64;54;49;62;52;57,75;74;196;190;15,32308;36,95;48;13;13;3;1;0;12,80769;0;0;1;0;1;1;0;0;0;281;0;1;0;0;1;40;18;0;0;1;0;0;0;0;0;1;0;0;0;1;0;0
63;66;62;57;61;64;62,75;67;171;201;16,88461;18,48;39,9;16;18;1;1;0;15,92308;0;1;0;0;1;0;0;0;1;12045;0;1;0;0;1;44;20;0;0;1;0;0;0;0;0;1;0;0;1;0;0;0
25;30;26;34;28;29;30;63;153;186;17,28461;8;40,1;8;10;5;0;0;6,596154;0;1;0;0;0;0;0;0;1;5519;0;1;0;0;1;39;8;0;0;0;0;0;0;1;0;0;1;0;1;0;0;0
55;44;56;59;43;42;50,75;69;167;211;14,38461;18,61;40;12;12;6;1;0;0,7115384;0;1;0;0;1;1;0;0;0;3213;0;1;0;0;1;39;12;0;0;0;0;0;1;0;0;1;0;0;1;0;0;0
56;52;60;46;43;47;52,5;72;196;204;23,36539;16,13;45;13;13;5;0;0;5,711538;0;0;1;0;0;0;1;0;0;4888;0;1;0;0;1;41;12;0;0;0;0;0;1;0;0;1;0;0;1;0;0;0
46;44;41;42;43;45;42,75;69;163;166;22,55769;24,83;40,1;6;10;9;1;0;7,192307;0;0;1;0;0;0;0;0;1;12122;0;1;0;0;1;45;8;0;0;0;0;0;0;1;0;1;0;0;1;0;0;0
66;65;61;59;62;66;62,5;67;165;180;15,05769;27,79;50;12;18;1;1;0;15,40385;0;0;1;0;0;0;1;0;0;3757;0;1;0;0;1;39;18;0;0;1;0;0;0;0;0;1;0;0;1;0;0;0
56;46;49;45;51;49;46,5;69;183;190;13,51539;61,53;50;12;15;2;1;0;3,596154;0;0;1;0;1;0;0;0;1;1952;0;1;0;0;1;38;17;0;0;0;1;0;0;0;0;0;1;0;0;1;0;0
66;61;60;57;38;44;59,75;61;175;244;12,32692;9,45;39,9;12;12;5;0;0;1,192308;1;0;1;0;0;0;1;0;0;5296;0;1;0;0;1;42;12;0;0;0;0;0;1;0;0;0;1;0;0;1;0;0
59;53;53;59;50;43;54,5;72;180;209;17,61923;7,91;57,9;12;12;2;1;0;7,403846;0;0;1;0;1;0;1;0;0;929;0;1;0;0;1;37;12;0;0;0;0;0;1;0;1;0;0;0;1;0;0;0
48;47;43;38;35;38;43,75;78;164;221;15,70769;9,31;35,1;12;12;1;1;0;2,057692;0;0;1;0;0;0;0;0;1;1257;0;1;0;0;1;38;12;0;0;0;0;0;0;0;0;0;1;0;1;0;0;0
55;52;57;56;63;35;54,25;72;240;261;19,36539;26;40;11;12;2;1;0;2,019231;1;0;1;0;1;0;1;0;0;797;0;1;0;0;1;40;12;0;0;0;0;0;1;0;0;1;0;0;1;0;0;0
53;55;55;60;63;63;56,25;70;197;234;22,86539;22,9;57,1;12;11;10;1;1;10,84615;0;0;1;0;1;0;0;1;0;4569;0;1;0;0;1;41;12;0;0;0;0;0;1;0;0;0;1;0;0;1;0;0
55;61;57;61;61;63;60;75;151;165;22,07692;21,36;45,1;12;10;1;1;;8,019231;0;0;1;0;1;0;0;0;1;2335;0;1;0;0;1;45;13;0;0;0;0;0;1;0;0;0;1;0;1;0;0;0
59;56;56;53;54;36;55,25;67;134;144;22,21539;14,23;50;12;16;3;1;0;3,961539;0;0;1;0;1;0;1;0;0;4128;0;1;0;0;1;43;12;0;0;0;0;0;1;0;0;1;0;0;1;0;0;0
53;57;54;51;49;44;54,75;71;187;220;10,84231;15,62;39,9;11;12;2;1;0;3,134615;1;1;0;0;0;1;0;0;0;412;0;1;0;0;1;37;14;0;0;0;0;1;0;0;0;1;0;0;1;0;0;0
47;39;48;35;48;46;40,25;72;191;217;23,31154;19,36;39,9;12;12;1;1;0;4,634615;1;0;1;0;0;0;1;0;0;3598;0;1;0;0;1;43;12;0;0;0;0;0;1;0;0;1;0;0;0;1;0;0
53;59;55;53;50;47;56,5;70;160;160;22,71539;21,1;40;14;12;4;1;0;18,67308;1;0;1;0;0;0;1;0;0;3455;0;1;0;0;1;42;12;0;0;0;0;0;1;0;0;1;0;0;0;1;0;0
46;50;41;49;52;57;47,5;67;158;180;20,9;48,94;50,1;12;12;1;1;0;5,346154;0;0;1;0;1;0;0;0;1;5097;0;1;0;0;1;40;12;0;0;0;0;0;1;0;0;1;0;0;1;0;0;0
47;44;55;50;47;53;48,25;69;165;176;19,78461;8,13;39,9;12;12;1;0;0;13,57692;0;1;0;0;0;0;0;0;1;1353;0;1;0;0;1;38;12;0;0;0;0;1;0;0;0;0;1;0;1;0;0;0
45;53;45;57;61;48;52;72;246;279;22,28846;41,25;39,9;10;12;3;0;0;7,692307;0;0;1;0;1;0;0;0;1;5579;0;1;0;0;1;40;12;0;0;0;0;0;1;0;0;1;0;0;1;0;0;0
53;60;48;54;63;60;55,5;66;150;174;18,98461;13,08;39,9;12;12;6;1;0;10,75;0;1;0;0;1;0;0;0;1;4883;0;1;0;0;1;44;13;0;0;0;0;0;1;0;0;0;1;0;0;1;0;0
57;55;52;46;51;39;52;74;226;268;18,84615;14,32;39,9;12;10;2;1;0;5,519231;0;0;1;0;0;0;1;0;0;3620;0;1;0;0;1;40;12;0;0;0;0;0;1;0;0;1;0;0;1;0;0;0
65;59;61;58;53;47;59,25;71;175;184;14,05385;54,48;59,9;12;14;2;1;0;4,538462;1;0;1;0;1;0;0;1;0;644;0;1;0;0;1;44;20;1;0;0;0;0;0;0;0;1;0;0;1;0;0;0
52;64;46;58;61;58;58;70;151;161;20,77308;22,1;40,1;11;9;8;0;0;2,538461;0;0;1;0;1;0;1;0;0;3553;0;1;0;0;1;39;12;0;0;0;0;0;1;0;0;1;0;0;0;1;0;0
53;44;50;52;49;48;47,5;71;204;196;18,88846;12,22;39,9;8;12;1;0;0;11,03846;0;0;1;0;0;0;0;0;1;4902;0;1;0;0;1;44;12;0;0;0;0;0;1;0;0;1;0;0;1;0;0;0
57;59;57;52;63;52;56,75;70;164;199;16,13077;17,6;40,1;14;20;2;1;0;4,269231;0;0;1;0;2;0;0;1;0;3159;0;1;0;0;1;41;15;0;1;0;0;0;0;0;0;1;0;0;0;1;0;0
42;48;58;54;52;49;52;73;180;231;20,46154;21,63;49,9;12;16;5;1;1;0,1346154;0;1;0;0;1;0;0;0;1;2138;0;1;0;0;1;40;12;0;0;0;0;0;1;0;0;1;0;0;0;0;0;1
65;54;61;59;53;52;57;68;145;175;22,06154;14,1;40,1;13;12;4;1;0;11,65385;0;0;1;0;1;0;1;0;0;3615;0;1;0;0;1;40;12;0;0;0;0;0;1;0;0;1;0;0;1;0;0;0
46;48;46;31;47;39;43,25;75;200;265;20,63077;9,6;40,1;10;12;4;1;0;0,5961539;0;0;1;0;1;1;0;0;0;3999;0;1;0;0;1;38;11;0;0;0;0;0;1;0;0;0;1;0;1;0;0;0
59;48;50;54;50;49;50;72;210;260;15,82308;24,54;40;3;3;6;1;0;15,15385;1;0;1;0;1;0;0;1;0;5244;0;1;0;1;0;41;16;0;0;0;1;0;0;0;0;1;0;0;0;1;0;0
47;58;45;60;63;54;55,25;73;189;188;16,90385;44,71;40,1;12;14;2;1;;16,05769;0;0;1;0;0;0;0;0;1;5067;0;1;0;0;1;39;16;0;0;0;0;0;1;0;0;0;1;0;1;0;0;0
56;46;52;56;53;31;50;69;131;139;21,73461;18,4;40;12;7;3;1;0;3,057692;1;0;1;0;1;0;0;0;1;1468;0;1;0;0;1;44;12;0;0;0;0;0;1;0;0;0;1;0;1;0;0;0
50;64;52;53;63;58;58,25;71;231;239;19,23461;18,11;40,1;12;12;1;0;0;18,51923;1;1;0;0;1;0;1;0;0;2107;0;1;0;0;1;40;14;0;0;0;0;1;0;0;0;1;0;0;1;0;0;0
51;47;49;40;52;45;45,75;70;160;181;8,888462;15;49,9;14;14;6;1;1;0,5384616;0;0;1;0;0;0;0;0;1;1042;0;1;0;0;1;40;12;0;0;0;0;0;1;0;1;0;0;0;1;0;0;0
53;50;51;49;40;49;50;70;145;151;14,94231;6,75;40;10;8;4;1;0;0,2115385;0;0;1;0;1;0;0;1;0;5132;0;1;0;0;1;42;10;0;0;0;0;0;0;1;0;0;1;0;1;0;0;0
65;61;58;58;55;36;59,5;69;200;209;18,51539;20,2;43,9;10;12;1;0;0;11,96154;0;0;1;0;0;1;0;0;0;1867;0;1;0;0;1;39;12;0;0;0;0;1;0;0;0;1;0;0;0;1;0;0
51;41;60;58;41;48;50;65;124;151;12,61154;13,5;;10;12;4;1;0;5,615385;0;0;1;0;1;0;1;0;0;774;0;1;0;0;1;42;14;0;0;0;0;1;0;0;1;0;0;0;0;1;0;0
65;62;59;56;55;63;59,75;71;176;176;20,21154;62,4;40;14;16;2;1;0;0,4230769;0;0;1;0;1;0;1;0;0;916;0;1;0;0;1;43;16;0;0;0;1;0;0;0;0;1;0;0;1;0;0;0
66;66;61;61;48;49;63,5;73;179;219;8,130769;32,59;49,9;14;11;2;1;0;14,76923;1;1;0;0;1;0;0;0;1;3971;0;1;0;0;1;39;19;0;0;1;0;0;0;0;0;1;0;0;1;0;0;0
35;37;45;21;34;41;35;65;211;240;18,65385;6,5;50,1;6;8;7;0;1;6,846154;0;0;1;0;1;0;0;0;1;2661;0;1;0;1;0;41;9;0;0;0;0;0;0;1;0;1;0;0;0;1;0;0
53;55;56;51;47;49;54,25;69;171;195;8,042307;15,03;39,9;12;12;7;1;0;7,5;1;0;1;0;1;0;0;1;0;11911;0;1;0;0;1;42;13;0;0;0;0;0;1;0;0;1;0;0;1;0;0;0
55;67;59;56;61;62;62,25;69;120;141;18,09615;11,31;60;14;16;3;1;0;4,884615;0;0;1;0;1;0;0;0;1;1508;0;1;0;0;1;37;14;0;0;0;0;1;0;0;0;1;0;0;0;0;0;1
35;41;25;33;29;26;35;67;151;200;9,765385;14,4;40,1;9;8;5;0;1;9,211538;0;0;1;0;0;0;0;0;1;2261;0;1;0;0;1;38;12;0;0;0;0;0;0;1;0;1;0;0;1;0;0;0
48;58;41;49;44;46;51,5;70;149;185;20,82692;23,07;40,1;12;12;11;1;0;17,5;0;0;1;0;0;0;1;0;0;2067;0;1;0;0;1;39;12;0;0;0;0;0;1;0;0;1;0;0;0;1;0;0
51;56;53;61;59;59;56,5;73;179;179;17,5;35,95;47,9;12;12;3;1;0;6,403846;0;0;1;0;0;0;1;0;0;730;0;1;0;0;1;41;15;0;0;0;1;0;0;0;0;1;0;0;0;1;0;0
68;64;61;58;54;40;61,75;70;168;181;1,688462;37,21;43,1;14;16;3;1;0;1,788462;0;1;0;0;1;0;0;0;1;3168;0;1;0;0;1;44;19;0;0;0;0;0;0;0;0;1;0;0;0;1;0;0
57;65;56;51;53;53;59,25;71;141;179;8,788462;18,53;49,9;16;18;1;1;0;6,384615;0;1;0;0;1;0;0;0;1;1503;0;1;0;0;1;38;20;0;1;0;0;0;0;0;0;1;0;0;1;0;0;0
33;41;36;44;47;39;40,5;71;241;250;22,63846;11,87;39,9;11;3;2;1;0;5;1;1;0;0;1;0;0;0;1;3937;0;1;1;0;0;42;12;0;0;0;0;0;1;0;0;0;1;0;1;0;0;0
41;39;47;42;43;49;41,75;70;186;225;20,38846;17,52;60;12;8;7;1;0;0,6923077;0;0;1;0;1;0;1;0;0;520;0;1;1;0;0;44;16;0;0;0;1;0;0;0;0;1;0;0;1;0;0;0
58;67;60;63;61;63;64,25;67;159;176;13,77308;47,97;43,9;10;12;2;0;0;13,67308;0;0;1;0;1;0;1;0;0;2113;0;1;0;0;1;39;19;1;0;0;0;0;0;0;0;1;0;0;0;1;0;0
65;66;61;63;59;64;64;66;199;189;20,00385;27,11;39,9;12;12;1;1;0;9,673077;0;1;0;0;1;0;1;0;0;6;0;1;0;0;1;41;16;0;0;0;1;0;0;0;0;1;0;0;0;1;0;0
53;47;49;53;63;56;49;71;165;179;15,66923;17;40;12;12;2;1;0;0,4230769;1;1;0;0;1;1;0;0;0;210;0;1;0;0;1;39;16;0;0;0;1;0;0;0;0;1;0;0;0;1;0;0
68;64;61;60;61;58;62,25;74;231;300;11,15769;25,54;44,9;12;16;3;1;0;2,307692;0;0;1;0;1;0;0;1;0;1631;0;1;0;0;1;40;16;0;0;0;1;0;0;0;0;1;0;0;0;1;0;0
47;44;48;43;39;45;44,75;68;180;235;19,15769;10,56;43,1;12;17;3;1;0;1;0;0;1;0;1;0;0;0;1;1237;0;1;0;0;1;43;12;0;0;0;0;0;1;0;0;0;1;0;0;0;0;1
47;47;49;49;50;50;48;73;194;300;20,50385;19,33;49,9;13;12;2;1;;19,44231;0;0;0;1;0;0;1;0;0;5347;0;1;0;0;1;40;14;0;0;0;0;1;0;0;0;1;0;0;0;1;0;0
65;60;60;53;60;42;58,25;74;205;239;22,01539;21,8;39,9;4;7;5;0;0;6,096154;0;0;1;0;0;0;0;0;1;2774;0;1;0;0;1;45;14;0;0;0;0;0;1;0;0;1;0;0;1;0;0;0
59;50;45;54;40;39;49,75;72;164;175;18,95769;19,06;58,1;12;11;5;0;0;3,519231;1;0;1;0;1;0;1;0;0;3374;0;1;0;0;1;40;12;0;0;0;0;0;1;0;0;1;0;0;0;1;0;0
56;41;46;39;37;37;41,75;74;270;311;21,36539;10,06;39,9;12;10;5;1;0;15,13461;1;1;0;0;1;0;1;0;0;4732;0;1;0;0;1;40;12;0;0;0;0;0;1;0;0;1;0;0;1;0;0;0
66;49;54;56;47;37;52;69;148;177;18,93846;13,8;47,9;8;9;2;1;0;15,05769;1;0;1;0;0;0;1;0;0;5356;0;1;0;0;1;40;12;0;0;0;0;0;1;0;0;1;0;0;0;0;0;1
54;50;52;54;55;53;51,5;;140;191;14,59615;57,79;50,1;12;8;2;1;0;7,980769;0;0;1;0;1;0;1;0;0;11791;0;1;0;0;1;38;16;0;0;0;1;0;0;0;0;1;0;0;1;0;0;0
61;58;47;52;49;58;53,75;70;191;194;21,61154;23,07;50,1;14;9;2;1;0;5,942307;0;0;1;0;0;0;0;0;1;2216;0;1;0;0;1;41;12;0;0;0;0;0;1;0;0;1;0;0;1;0;0;0
62;56;61;53;62;57;56,5;71;169;189;12,15385;24,51;40,1;18;18;1;1;0;3,519231;0;1;0;0;1;1;0;0;0;3803;0;1;0;0;1;41;18;0;0;1;0;0;0;0;0;1;0;0;0;0;0;1
47;47;53;60;53;60;51,75;75;206;239;22,76923;31,95;44,9;14;6;3;1;0;24,94231;1;0;1;0;1;0;0;1;0;5147;0;1;0;1;0;44;12;0;0;0;0;1;0;0;0;1;0;0;0;1;0;0
63;60;56;59;59;57;58,75;70;181;239;17,48461;38,36;55;12;12;0;0;0;4,326923;0;0;1;0;1;0;1;0;0;2007;0;1;0;0;1;40;14;0;0;0;0;0;1;0;0;1;0;0;1;0;0;0
27;35;28;22;26;29;30;66;145;197;11,86539;12,9;34,9;9;0;8;1;1;0,75;0;1;0;0;1;1;0;0;0;11981;1;0;0;1;0;40;12;0;0;0;0;0;0;1;0;0;1;0;0;1;0;0
47;51;55;54;49;58;52,75;65;136;203;18,23461;32,31;40,1;13;7;0;1;0;2,076923;0;1;0;0;1;0;1;0;0;2442;1;0;0;0;1;43;18;0;0;0;1;0;0;0;0;1;0;0;0;0;0;1
36;39;45;54;42;50;44,25;62;125;126;21,33077;27,52;50,9;12;20;2;0;0;10,46154;0;0;1;0;1;0;0;1;0;4373;1;0;0;0;1;38;12;0;0;0;0;0;1;0;0;1;0;0;1;0;0;0
39;61;44;52;62;57;54,5;66;136;186;14,24615;15,96;40;12;14;3;1;0;1,903846;0;0;1;0;1;0;0;0;1;1558;1;0;0;0;1;39;14;0;0;0;0;1;0;0;0;1;0;0;1;0;0;0
37;41;35;37;38;34;38,5;63;130;170;15,84231;8,6;39,9;9;0;2;0;1;0,1923077;0;0;1;0;1;0;0;0;1;4274;1;0;0;1;0;42;9;0;0;0;0;0;0;1;0;0;1;0;1;0;0;0
59;61;61;63;62;57;61,5;65;125;205;15,75;18,65;44,9;16;14;2;1;0;7,576923;0;0;1;0;1;0;0;1;0;4425;1;0;0;0;1;42;18;0;0;0;1;0;0;0;1;0;0;1;0;0;0;0
63;65;61;55;50;55;61,5;65;131;129;16,24615;9,99;40;12;12;2;1;0;4,307693;0;1;0;0;0;0;0;0;1;293;1;0;0;0;1;43;13;0;0;0;0;0;1;0;0;1;0;0;1;0;0;0
47;52;47;50;49;54;50,25;66;190;189;16,81154;16,12;59,9;8;8;4;1;1;2,134615;0;0;1;0;1;0;0;1;0;11905;1;0;0;0;1;42;15;0;0;0;0;1;0;0;0;1;0;0;1;0;0;0
38;49;42;59;58;58;49,75;65;110;161;10,71539;31,05;30;12;16;1;1;0;5,461538;0;0;1;0;1;0;0;0;1;5091;1;0;0;0;1;38;20;0;0;0;1;0;0;0;0;1;0;0;1;0;0;0
33;35;37;50;48;44;39,25;65;140;139;9,061538;6,1;34,9;9;12;2;0;0;0,0192308;0;1;0;0;0;0;1;0;0;2530;1;0;0;0;1;38;12;0;0;0;0;0;1;0;0;1;0;0;1;0;0;0
53;51;50;55;47;46;51,75;61;115;139;9,707693;8,55;37,9;12;12;2;1;0;1,807692;0;1;0;0;0;0;0;0;1;2294;1;0;0;0;1;38;16;0;0;0;1;0;0;0;0;1;0;0;1;0;0;0
55;59;61;57;62;56;59;68;126;136;16,69231;9,3;39,9;12;16;0;1;;6,865385;1;0;1;0;1;0;0;0;1;1356;1;0;0;0;1;39;16;0;0;0;1;0;0;0;0;1;0;0;1;0;0;0
43;49;44;41;63;60;45,75;68;155;222;20,5;15,57;42;12;12;3;1;0;9,442307;0;0;1;0;0;0;0;0;1;2140;1;0;0;0;1;39;12;0;0;0;0;0;1;0;0;1;0;0;1;0;0;0
49;53;56;52;62;57;53,5;67;159;219;18,90769;26,43;46;12;16;4;1;0;15,44231;1;1;0;0;0;0;0;0;1;11854;1;0;1;0;0;42;16;0;0;0;1;0;0;0;0;1;0;0;1;0;0;0
32;44;41;41;38;38;42,5;67;130;128;20,97692;20,29;40;10;6;4;0;0;11,57692;0;0;1;0;0;0;0;0;1;11794;1;0;0;0;1;39;12;0;0;0;0;0;0;1;0;0;1;0;1;0;0;0
45;51;47;56;53;47;51,25;65;131;126;19,78461;23,93;45,1;12;12;2;0;0;18;0;0;1;0;1;0;1;0;0;3735;1;0;0;0;1;37;12;0;0;0;0;0;1;0;0;1;0;0;0;1;0;0
45;40;38;35;53;51;38,25;61;108;128;11,1;8,1;39,9;11;12;3;1;0;1,076923;0;0;1;0;1;0;0;0;1;197;1;0;0;0;1;39;12;0;0;0;0;0;1;0;0;0;1;0;0;1;0;0
32;35;35;51;54;53;39;62;168;186;12,16923;9,37;40;12;12;8;1;;4,096154;0;1;0;0;1;0;1;0;0;834;1;0;1;0;0;42;12;0;0;0;0;0;1;0;0;0;1;0;1;0;0;0
41;45;56;47;53;55;48,25;65;181;219;23,56154;10,36;40;12;16;7;1;0;1,019231;0;1;0;0;1;0;0;0;1;1366;1;0;0;0;1;44;12;0;0;0;0;0;1;0;0;1;0;0;0;1;0;0
50;47;54;61;53;56;52,25;60;130;162;12,79231;10,46;40;12;12;3;1;0;0,0961538;0;1;0;0;1;0;1;0;0;533;1;0;0;0;1;42;14;0;0;0;0;0;1;0;0;1;0;0;1;0;0;0
37;40;36;31;43;48;36,75;63;134;154;11,79231;11,22;40;13;12;4;1;1;4,442307;0;0;1;0;1;0;1;0;0;2046;1;0;0;0;1;37;12;0;0;0;0;0;1;0;0;0;1;0;0;1;0;0
56;54;59;59;60;38;56,5;63;119;125;22,82692;18,04;45;13;20;2;1;0;6,153846;0;0;1;0;1;0;1;0;0;527;1;0;0;0;1;44;13;0;0;0;0;0;1;0;0;0;1;0;1;0;0;0
53;57;58;52;62;48;56;64;166;226;19,32692;16,68;45;12;12;1;1;0;10,03846;0;0;1;0;0;0;1;0;0;2104;1;0;0;0;1;45;12;0;0;0;0;0;1;0;0;1;0;0;0;0;0;1
51;37;50;54;38;44;44,5;65;146;213;12,08077;7,6;39,9;12;14;1;1;0;0,2692308;0;0;1;0;0;0;0;0;1;2165;1;0;0;0;1;42;12;0;0;0;0;0;1;0;0;1;0;0;1;0;0;0
51;47;58;56;46;48;52;61;107;121;14,17308;15,24;39,9;10;12;5;1;0;6,25;0;1;0;0;1;0;1;0;0;619;1;0;0;0;1;44;12;0;0;0;0;0;0;1;0;0;1;0;0;1;0;0
47;64;60;57;63;61;61,25;61;137;160;18,03846;38,36;45,1;12;18;2;1;0;2,019231;0;0;1;0;1;1;0;0;0;21;1;0;0;0;1;40;16;0;0;0;1;0;0;0;0;1;0;0;0;1;0;0
57;66;60;60;62;70;63;69;179;241;18,76923;20,29;40;11;8;1;1;0;17,23077;0;0;1;0;1;0;1;0;0;3574;1;0;0;0;1;37;12;0;0;0;0;1;0;0;0;1;0;0;1;0;0;0
47;47;56;58;60;47;52;66;140;150;14,63846;6,35;27,9;12;12;7;1;0;3,346154;1;1;0;0;1;0;0;1;0;1662;1;0;0;0;1;39;12;0;0;0;0;0;1;0;0;0;1;0;0;1;0;0
41;47;47;49;47;51;47,5;61;108;109;19,01539;12,82;29,9;12;7;3;1;0;19,94231;1;1;0;0;2;0;0;1;0;4551;1;0;0;0;1;40;13;0;0;0;0;0;1;0;0;1;0;0;0;1;0;0
37;39;35;48;48;57;40,25;68;168;224;23,08077;10,69;48,1;11;12;5;1;1;21,15385;1;0;1;0;1;0;0;0;1;2211;1;0;1;0;0;41;12;0;0;0;0;0;1;0;1;0;0;1;0;0;0;0
50;62;58;55;57;61;59,25;61;125;144;21,51539;14,75;40,1;9;8;3;1;0;2,538461;0;0;1;0;1;0;1;0;0;3754;1;0;0;0;1;40;12;0;0;0;0;0;1;0;0;0;1;0;1;0;0;0
54;53;56;54;55;49;54;60;109;124;12,86154;33,23;15,1;12;12;1;1;0;0,8269231;0;0;1;0;1;1;0;0;0;192;1;0;0;0;1;39;16;0;0;0;1;0;0;0;0;1;0;0;0;1;0;0
51;58;61;60;61;65;59,25;65;135;151;15,61923;12,1;42;12;12;5;1;0;10,42308;0;0;1;0;0;0;1;0;0;2112;1;0;0;0;1;44;12;0;0;0;0;0;1;0;0;1;0;0;0;1;0;0
41;42;42;33;41;39;39,75;62;103;106;18,97692;7,9;40;8;6;4;0;0;1,5;0;0;1;0;1;0;0;0;1;721;1;0;0;0;1;39;13;0;0;0;0;0;1;0;0;0;1;0;0;0;0;1
38;47;47;43;42;44;46;65;182;193;21,61154;16,15;50,1;9;12;0;1;0;3,576923;0;0;1;0;1;0;0;0;1;1114;1;0;0;1;0;41;12;0;0;0;0;0;1;0;0;1;0;0;0;1;0;0
31;39;29;33;34;52;35;63;107;125;15,50385;8,33;14,9;10;12;3;1;1;9,903846;0;0;1;0;1;1;0;0;0;2911;1;0;0;1;0;41;12;0;0;0;0;0;1;0;0;0;1;0;0;1;0;0
61;64;62;61;60;56;62,75;63;104;114;13,82692;23,31;40;12;16;3;1;0;5,75;0;1;0;0;1;1;0;0;0;3109;1;0;0;0;1;40;18;0;0;1;0;0;0;0;0;1;0;0;0;1;0;0
53;50;56;63;53;58;54,75;62;103;110;21,26923;34,18;45,1;12;14;3;1;0;17,38461;0;0;1;0;1;0;0;0;1;11851;1;0;0;0;1;43;14;0;0;0;0;0;1;0;1;0;0;0;1;0;0;0
51;54;57;58;61;55;55,75;66;116;154;18,94231;23,74;47;12;10;3;1;0;14,53846;0;1;0;0;1;0;0;1;0;1847;1;0;0;1;0;42;14;0;0;0;0;0;0;1;0;0;1;0;0;1;0;0
56;39;55;57;50;50;47,5;64;140;169;12,48077;17,2;50,1;14;16;5;1;0;17,86539;1;1;0;0;1;0;1;0;0;887;1;0;0;0;1;41;18;0;0;1;0;0;0;0;0;1;0;0;0;1;0;0
49;40;39;48;62;65;41,75;65;124;145;22,93846;12,22;45,1;12;11;2;1;0;3,423077;0;0;1;0;0;0;0;0;1;5508;1;0;0;0;1;42;12;0;0;0;0;0;1;0;0;1;0;0;1;0;0;0
63;61;58;50;52;50;57,5;68;186;201;9,784615;21,15;39,9;12;12;1;1;0;1,538462;0;0;1;0;0;0;0;0;1;1240;1;0;0;0;1;38;18;0;0;1;0;0;0;0;0;1;0;0;0;0;0;1
52;65;57;60;61;56;61,75;68;129;136;15,71539;30,91;37,9;12;8;3;1;0;3,480769;1;1;0;0;0;0;1;0;0;3337;1;0;0;0;1;40;18;0;0;1;0;0;0;0;0;1;0;0;0;0;0;1
49;41;41;49;46;48;43;64;110;149;18,38846;34,34;34,9;16;16;0;1;0;1,057692;0;0;1;0;1;1;0;0;0;11958;1;0;0;0;1;38;12;0;0;0;0;0;0;0;0;1;0;0;0;1;0;0
56;57;56;52;63;72;55,5;64;133;152;13,61539;18,47;45;11;14;2;1;0;0,8653846;0;0;1;0;1;0;1;0;0;3355;1;0;0;0;1;42;14;0;0;0;0;1;0;0;0;0;1;0;1;0;0;0
43;46;49;51;54;51;48;67;160;228;18,1;7,18;38,1;10;12;3;1;1;2,326923;0;0;1;0;0;0;1;0;0;5275;1;0;0;0;1;43;12;0;0;0;0;0;0;0;0;1;0;1;0;0;0;0
47;48;45;42;61;53;45,75;63;141;156;16,63077;12,6;44,9;10;12;1;0;0;9,230769;0;1;0;0;2;1;0;0;0;3091;1;0;0;0;1;37;14;0;0;0;0;0;1;0;1;0;0;0;0;0;0;1
51;46;60;60;47;57;53;67;119;137;17,16923;15,64;40;12;16;4;1;0;5,096154;0;1;0;0;1;0;0;1;0;1571;1;0;0;0;1;39;15;0;0;0;0;1;0;0;0;0;1;0;0;1;0;0
44;61;55;58;43;49;58,75;65;120;121;20,42308;10,6;39,9;14;13;3;1;;0,1730769;0;1;0;0;1;0;1;0;0;3802;1;0;0;0;1;43;13;0;0;0;0;0;0;0;0;0;1;0;1;0;0;0
53;51;60;54;53;54;54;66;117;119;20,08077;13,4;44,1;12;14;2;1;0;2,826923;0;1;0;0;1;0;0;0;1;4152;1;0;0;0;1;44;13;0;0;0;0;0;1;0;0;1;0;0;1;0;0;0
37;49;49;59;43;52;51,5;61;139;150;16,59231;18,4;40;17;14;3;1;0;13,65385;1;1;0;0;1;0;0;0;1;1967;1;0;0;0;1;39;16;0;0;0;1;0;0;0;1;0;0;0;1;0;0;0
47;46;47;57;55;64;49;61;117;119;19,20769;10,58;55;12;13;2;1;1;1,519231;0;0;1;0;1;0;0;0;1;5055;1;0;0;0;1;40;14;0;0;0;0;1;0;0;1;0;0;0;1;0;0;0
47;49;49;50;53;45;49,25;69;175;321;20,03461;16,74;40;12;12;4;1;0;18,84615;0;0;1;0;0;1;0;0;0;1902;1;0;0;0;1;38;12;0;0;0;0;0;1;0;0;1;0;0;0;1;0;0
51;50;56;55;55;53;52,75;63;119;136;13,65769;17,52;24;12;12;2;0;0;18,75;0;0;1;0;1;1;0;0;0;1885;1;0;0;0;1;42;16;0;0;0;1;0;0;0;0;1;0;0;1;0;0;0
49;41;42;40;40;47;41;61;182;164;19,66923;6,65;39,9;6;8;2;0;0;4;0;0;1;0;0;0;0;0;1;4934;1;0;0;0;1;41;12;0;0;0;0;0;1;0;0;0;1;0;0;0;0;1
42;38;42;43;37;45;40,25;63;154;190;18,24615;9,8;55;12;6;5;0;0;10,84615;0;0;1;0;1;0;0;0;1;11850;1;0;0;0;1;39;8;0;0;0;0;0;0;1;0;0;1;0;1;0;0;0
37;35;45;49;41;47;41;63;131;161;7,403846;6,35;40,1;8;11;1;0;0;5,692307;0;0;1;0;1;1;0;0;0;3094;1;0;0;0;1;43;12;0;0;0;0;0;1;0;0;1;0;0;0;1;0;0
43;46;47;42;43;44;45,25;69;146;132;18,71539;8;40,1;12;9;2;1;1;3,788461;0;0;1;0;1;0;0;1;0;3719;1;0;0;0;1;44;12;0;0;0;0;0;1;0;0;1;0;0;1;0;0;0
38;39;42;50;47;54;42,5;62;104;111;16,98461;14,4;38,1;14;12;4;1;0;20,67308;1;1;0;0;1;0;1;0;0;3458;1;0;0;0;1;40;14;0;0;0;0;1;0;0;0;1;0;0;0;1;0;0
41;51;56;54;59;55;53;62;118;140;18,96539;14,65;17,1;12;14;2;1;0;11,96154;0;0;1;0;0;1;0;0;0;3242;1;0;0;0;1;40;12;0;0;0;0;1;0;0;0;1;0;0;1;0;0;0
27;40;24;27;29;36;32,75;64;130;144;15,63846;12,45;48,1;9;6;7;1;0;6,673077;1;0;1;0;1;0;1;0;0;3321;1;0;0;0;1;37;10;0;0;0;0;0;0;1;0;1;0;0;1;0;0;0
35;40;43;45;46;55;42;64;136;134;20,98461;8,9;29,9;10;10;1;1;0;1,038462;0;0;1;0;1;0;1;0;0;3343;1;0;0;0;1;38;10;0;0;0;0;0;0;1;0;1;0;0;0;1;0;0
51;59;58;62;60;56;59,5;64;114;141;17,67692;36,21;45;8;11;2;1;0;3,615385;0;0;1;0;1;0;0;1;0;4488;1;0;0;0;1;38;13;0;0;0;0;0;1;0;1;0;0;0;0;1;0;0
57;54;62;60;42;49;57,5;68;142;269;18,82308;12;40,1;12;11;1;0;0;13,42308;0;0;1;0;0;0;0;1;0;5712;1;0;0;0;1;40;12;0;0;0;0;0;1;0;0;1;0;1;0;0;0;0
57;46;54;53;48;51;49,75;66;117;169;19,18846;15,28;40;12;12;4;1;0;0,5961539;0;0;1;0;1;0;1;0;0;972;1;0;0;0;1;38;12;0;0;0;0;0;1;0;1;0;0;0;0;1;0;0
45;37;45;47;59;61;41,5;69;201;200;19,09615;6,04;40,1;10;8;2;1;0;0,3269231;0;0;1;0;1;0;1;0;0;3444;1;0;0;0;1;43;12;0;0;0;0;0;1;0;0;1;0;0;1;0;0;0
47;63;57;54;62;59;59,25;65;165;239;18,78846;5,9;40,1;12;12;2;0;0;6,134615;0;1;0;0;0;0;1;0;0;4803;1;0;0;0;1;38;13;0;0;0;0;0;1;0;0;1;0;0;0;1;0;0
54;57;57;55;62;62;56,5;63;116;119;14,08077;5,49;35,1;12;10;9;0;0;4,903846;0;1;0;0;0;0;1;0;0;5421;1;0;0;0;1;41;12;0;0;0;0;0;1;0;0;1;0;0;0;1;0;0
43;46;38;45;53;46;43,75;66;134;131;9,830769;7;35;9;12;2;0;0;0,5769231;0;0;1;0;0;0;1;0;0;2529;1;0;0;0;1;39;12;0;0;0;0;0;1;0;0;1;0;0;1;0;0;0
49;38;46;52;60;64;43,5;66;159;189;20,30769;10,25;30;11;10;3;1;0;7,115385;0;1;0;0;0;0;0;0;1;2190;1;0;0;0;1;42;13;0;0;0;0;0;1;0;0;1;0;0;1;0;0;0
63;65;62;59;55;60;62,75;64;110;125;16,90769;21,15;40,1;11;12;1;0;0;18,13461;1;1;0;0;0;0;0;0;1;4280;1;0;0;0;1;43;16;0;0;0;1;0;0;0;0;1;0;0;1;0;0;0
39;36;44;32;37;49;37;64;140;181;14,42692;12,82;40;12;12;2;1;0;22,03846;0;1;0;0;1;0;0;0;1;1286;1;0;1;0;0;41;16;0;0;0;1;0;0;0;0;0;1;0;1;0;0;0
37;50;46;43;41;51;47,25;62;165;200;17,61154;9,98;19,9;12;12;1;1;;11,44231;1;1;0;0;0;0;0;0;1;5063;1;0;0;0;1;39;12;0;0;0;0;0;1;0;0;1;0;0;1;0;0;0
47;46;37;45;48;53;43,5;64;158;176;15,81154;6,75;39,9;11;11;3;0;0;0,1153846;0;0;1;0;0;0;0;1;0;1592;1;0;0;0;1;37;12;0;0;0;0;0;0;1;0;1;0;0;0;1;0;0
45;59;54;53;47;50;56,25;64;159;186;9,807693;8,65;40;12;9;1;1;0;3,384615;0;0;1;0;0;0;1;0;0;5327;1;0;0;0;1;42;12;0;0;0;0;0;1;0;0;1;0;0;1;0;0;0
55;58;56;56;58;36;57;64;121;180;17,48077;14,4;39,9;5;8;5;0;0;1,211538;0;1;0;0;0;0;0;0;1;2775;1;0;0;0;1;42;12;0;0;0;0;0;0;0;0;1;0;0;1;0;0;0
46;48;35;57;41;42;47;61;128;139;18,76923;31,29;40,1;12;12;5;1;0;7,961538;0;0;1;0;0;0;0;0;1;5626;1;0;0;0;1;37;12;0;0;0;0;0;1;0;0;1;0;0;1;0;0;0
48;43;39;31;38;46;39;58;138;137;19,93846;15,1;38;16;10;0;1;0;11,44231;0;0;1;0;1;1;0;0;0;3285;1;0;0;1;0;40;12;0;0;0;0;0;1;0;1;0;0;0;0;1;0;0
58;44;60;55;40;47;50,75;61;134;148;14,59615;18,99;40;8;9;3;1;0;2,115385;0;0;1;0;1;0;0;0;1;1130;1;0;0;1;0;42;12;0;0;0;0;0;1;0;0;1;0;0;0;1;0;0
45;34;38;37;51;41;35,75;61;137;173;17,34615;13,42;41,9;10;11;3;0;0;3,730769;1;1;0;0;0;0;0;0;1;1490;1;0;1;0;0;39;12;0;0;0;0;0;1;0;0;0;1;0;1;0;0;0
51;57;47;54;52;60;53,75;67;128;131;18,76923;19,82;39;14;13;4;1;0;3,5;0;0;1;0;1;0;1;0;0;487;1;0;0;0;1;41;14;0;0;0;0;0;1;0;0;1;0;0;0;1;0;0
55;65;61;55;52;59;61,5;69;130;140;14,57308;7,79;25,1;16;16;3;1;0;4,5;0;1;0;0;1;0;1;0;0;5372;1;0;0;0;1;43;16;0;0;0;1;0;0;0;0;1;0;0;1;0;0;0
42;60;52;52;55;51;56;63;126;136;17,09231;13,84;49,9;12;12;2;1;;11,92308;0;1;0;0;1;0;0;0;1;1178;1;0;0;0;1;39;17;0;0;0;1;0;0;0;0;1;0;0;1;0;0;0
53;61;57;62;62;67;60,25;65;140;201;19,30769;9,18;60,1;12;12;2;1;0;9,807693;1;1;0;0;1;0;1;0;0;2573;1;0;0;0;1;44;17;0;0;1;0;0;0;0;0;1;0;0;1;0;0;0
66;65;38;60;63;72;57;66;114;124;13;80,12;23,9;14;18;2;1;0;9,076923;0;0;1;0;1;1;0;0;0;2959;1;0;0;0;1;39;20;1;0;0;0;0;0;0;0;1;0;0;0;1;0;0
65;57;57;56;61;63;56,75;60;99;114;10,63077;9,5;27,9;16;17;1;1;0;0,5961539;0;0;1;0;1;1;0;0;0;3156;1;0;0;0;1;40;19;0;0;0;1;0;0;0;0;1;0;0;0;0;1;0
41;44;48;37;61;70;43,25;69;131;170;15,90769;8,9;40;12;12;1;1;0;1,192308;0;0;1;0;0;0;1;0;0;5272;1;0;0;0;1;40;12;0;0;0;0;0;1;0;0;1;0;0;1;0;0;0
49;46;56;53;53;58;50,25;61;155;229;19,73077;14,1;39,9;10;8;3;0;0;6,192307;0;1;0;0;1;0;0;0;1;2585;1;0;0;0;1;42;13;0;0;0;0;0;1;0;1;0;0;0;1;0;0;0
37;35;38;34;35;47;35,5;67;131;157;13,57308;10,66;50,1;8;11;2;1;0;6,403846;1;1;0;0;0;0;0;0;1;4971;1;0;0;1;0;38;13;0;0;0;0;0;1;0;0;0;1;0;0;1;0;0
58;59;61;63;37;58;60,5;65;160;129;16,00385;16,32;36,9;13;16;3;0;0;3,788461;1;1;0;0;0;0;0;1;0;12104;1;0;0;0;1;45;15;0;0;0;0;1;0;0;0;1;0;0;0;0;0;1
52;59;60;62;53;54;60;68;135;176;19,07692;17,15;39,9;12;12;3;1;0;8,769231;0;0;1;0;1;0;1;0;0;2473;1;0;0;0;1;37;12;0;0;0;0;0;1;0;0;0;1;0;1;0;0;0
44;46;52;57;59;56;50,25;62;109;115;16,04231;;49,9;12;8;5;1;0;2,038461;0;0;1;0;1;0;0;0;1;4049;1;0;0;0;1;42;12;0;0;0;0;0;0;1;0;1;0;0;0;1;0;0
51;36;51;57;43;51;45;63;109;114;11,72692;7,85;50,1;12;9;3;1;1;3;0;0;1;0;0;0;1;0;0;3057;1;0;0;0;1;43;12;0;0;0;0;0;1;0;0;1;0;0;1;0;0;0
41;40;56;48;54;51;46;61;151;170;16,63461;16,1;45;10;8;2;1;1;4,038462;0;0;1;0;1;1;0;0;0;12005;1;0;1;0;0;40;15;0;0;0;0;0;1;0;1;0;0;0;1;0;0;0
53;61;57;61;54;69;60;67;141;185;18,65385;12,85;59,9;12;19;2;1;0;9;1;1;0;0;1;0;0;0;1;2237;1;0;0;0;1;41;18;0;0;1;0;0;0;0;0;1;0;1;0;0;0;0
55;58;57;60;61;66;58,25;66;124;175;17,78461;25;36,1;12;8;2;0;0;17,30769;0;0;1;0;0;1;0;0;0;439;1;0;0;0;1;41;16;0;0;0;1;0;0;0;0;1;0;0;0;0;0;1
41;51;50;56;47;45;52;64;107;112;22,46539;10,65;40,1;12;13;1;1;0;5,615385;0;0;1;0;1;1;0;0;0;276;1;0;0;0;1;40;12;0;0;0;0;0;1;0;0;1;0;0;0;1;0;0
43;54;57;63;60;67;57;67;155;220;14,76539;7,75;12,1;12;12;6;1;0;8,634615;0;0;1;0;0;1;0;0;0;1863;1;0;0;0;1;43;12;0;0;0;0;0;1;0;0;1;0;0;0;1;0;0
54;60;59;62;63;56;60,25;59;109;110;19,05769;20,1;20,1;12;8;6;1;0;15,44231;0;1;0;0;1;0;1;0;0;4815;1;0;0;0;1;42;14;0;0;0;0;1;0;0;0;1;0;0;0;1;0;0
50;53;56;57;62;59;54,75;63;105;111;6,403846;10;24,1;12;10;3;1;0;4,365385;0;0;1;0;1;0;1;0;0;3096;1;0;0;0;1;43;13;0;0;0;0;0;1;0;0;1;0;0;0;1;0;0
48;49;50;47;60;53;48,75;;146;148;12,13846;11,24;39,9;9;9;5;1;0;0,9038461;1;0;1;0;1;0;1;0;0;703;1;0;0;0;1;40;12;0;0;0;0;0;0;1;0;0;1;0;1;0;0;0
51;50;45;47;41;53;48;66;149;166;15,83077;21,75;50,1;9;12;4;1;1;5,557693;0;0;1;0;1;0;0;0;1;4499;1;0;0;0;1;38;14;0;0;0;0;1;0;0;0;0;1;0;1;0;0;0
43;47;51;53;62;69;49,5;66;149;136;17,55769;48,07;40;15;16;3;1;0;8,807693;0;0;1;0;1;0;1;0;0;3897;1;0;0;0;1;41;17;0;0;0;1;0;0;0;0;0;1;0;0;1;0;0
47;44;55;53;58;54;49;66;146;146;15,23077;13,66;39,9;12;12;3;0;0;7,961538;0;0;1;0;1;0;0;1;0;4589;1;0;0;0;1;42;12;0;0;0;0;0;1;0;0;1;0;0;1;0;0;0
49;62;49;59;49;53;58;61;99;86;10,51923;22,9;60;12;12;3;0;0;12,42308;0;1;0;0;0;0;0;0;1;4093;1;0;0;0;1;39;18;0;0;0;1;0;0;0;0;0;1;0;1;0;0;0
43;39;47;50;50;49;43,75;60;135;151;20,76539;8,2;36,9;9;5;3;0;0;0,2307692;0;0;1;0;1;0;0;0;1;1495;1;0;0;0;1;44;12;0;0;0;0;0;1;0;0;1;0;0;0;0;0;1
53;57;60;60;60;63;58,5;64;117;150;16,07308;12,9;20;11;6;2;1;0;2,134615;0;1;0;0;1;0;0;0;1;3964;1;0;0;0;1;44;16;0;0;0;1;0;0;0;0;1;0;0;1;0;0;0
51;54;49;62;52;50;54,75;64;140;181;15,08077;8,88;40,1;12;12;3;1;0;3,788461;0;1;0;0;0;0;1;0;0;4876;1;0;0;0;1;41;12;0;0;0;0;0;1;0;0;1;0;0;0;1;0;0
46;50;54;61;53;53;53,75;63;151;204;22,56154;9,35;40,1;8;10;5;1;0;24,69231;0;0;1;0;1;1;0;0;0;437;1;0;0;0;1;45;12;0;0;0;0;0;1;0;0;1;0;0;1;0;0;0
46;41;52;53;52;55;46,75;65;124;136;16,40769;10,9;40,1;12;12;4;0;0;11,98077;0;0;1;0;1;1;0;0;0;1868;1;0;0;0;1;44;13;0;0;0;0;1;0;0;0;1;0;0;0;1;0;0
34;35;33;25;27;48;32;65;137;137;22,81154;17,78;39,9;7;11;2;0;0;23,98077;0;0;1;0;0;0;0;0;1;2748;1;0;0;0;1;45;12;0;0;0;0;0;1;0;0;1;0;0;1;0;0;0
55;52;54;57;61;51;53,75;62;125;180;22,95769;11,9;28,1;12;12;4;1;0;3,730769;0;0;1;0;1;1;0;0;0;449;1;0;0;0;1;42;12;0;0;0;0;0;1;0;0;1;0;0;0;0;0;1
34;57;51;50;61;59;53,75;62;96;115;18,84231;12,9;40;12;12;6;1;0;2,942308;0;1;0;0;0;0;1;0;0;2088;1;0;0;0;1;40;14;0;0;0;0;1;0;0;0;1;0;0;0;1;0;0
32;32;40;41;61;59;36,25;67;136;145;12,28461;26,44;40;5;3;2;1;0;10;0;0;1;0;1;1;0;0;0;91;1;0;0;0;1;38;16;0;0;0;1;0;0;0;0;1;0;0;0;1;0;0
49;54;46;43;63;63;49,25;63;123;127;18,74615;25,41;34,9;11;11;3;1;1;18,13461;0;1;0;0;1;1;0;0;0;4655;1;0;0;0;1;39;14;0;0;0;0;0;1;0;0;0;1;0;0;1;0;0
57;58;57;55;62;54;57;64;150;169;16,48077;21,78;31,9;12;12;2;1;0;21,90385;0;0;1;0;0;0;0;0;1;2230;1;0;0;0;1;37;16;0;0;0;1;0;0;0;0;1;0;0;1;0;0;0
27;42;35;43;52;50;40,5;60;115;163;16,68846;12,4;49,9;7;7;4;0;1;5,826923;0;0;0;1;1;0;0;0;1;4981;1;0;0;1;0;38;14;0;0;0;0;1;0;0;0;1;0;0;0;1;0;0
51;51;55;43;51;63;50;68;116;157;23,42692;14,13;34,9;12;9;2;1;0;14,40385;1;1;0;0;0;0;1;0;0;4880;1;0;0;0;1;42;14;0;0;0;0;1;0;0;0;1;0;0;1;0;0;0
45;37;44;47;49;55;41,25;61;144;185;20,98077;4,9;40,1;11;11;3;1;0;5,961538;0;1;0;0;1;0;0;0;1;2672;1;0;0;1;0;43;12;0;0;0;0;0;1;0;0;1;0;0;0;1;0;0
57;65;58;56;63;60;61;64;116;114;13,75385;15,1;15;14;17;3;1;0;0,6153846;0;1;0;0;1;0;1;0;0;3669;1;0;0;0;1;40;16;0;0;0;1;0;0;0;0;1;0;0;0;1;0;0
37;36;41;32;42;46;36,25;66;127;152;13,83077;18,65;39,9;16;10;3;1;;1,269231;0;0;1;0;1;0;0;1;0;4618;1;0;0;0;1;41;12;0;0;0;0;0;0;1;0;0;1;0;0;1;0;0
37;34;30;20;35;34;29,5;66;141;149;15,52308;12,55;40,1;12;12;2;1;1;17,26923;1;0;1;0;1;0;1;0;0;744;1;0;1;0;0;42;14;0;0;0;0;0;1;0;0;1;0;0;1;0;0;0
37;44;44;35;50;42;41,75;60;95;120;11,32308;7,04;35;1;1;3;0;0;5,826923;0;0;1;0;1;1;0;0;0;2828;1;0;0;0;1;41;10;0;0;0;0;0;0;1;0;0;1;0;0;1;0;0
43;32;30;33;42;46;31,75;60;126;137;8,25;5,76;20;7;11;3;1;1;2,019231;0;1;0;0;0;0;0;1;0;4544;1;0;0;1;0;38;12;0;0;0;0;0;1;0;0;1;0;0;0;1;0;0
46;51;55;47;62;59;51;67;150;199;20,93846;8,15;40;9;12;8;1;;0,4807692;0;0;1;0;1;0;1;0;0;4785;1;0;0;0;1;39;12;0;0;0;0;0;1;0;0;1;0;0;0;1;0;0
47;46;43;52;41;44;46,75;62;118;140;21,18846;9,7;39,9;7;7;5;0;0;1,942308;1;0;1;0;1;0;1;0;0;3790;1;0;0;0;1;42;12;0;0;0;0;0;1;0;0;0;1;0;1;0;0;0
53;46;54;52;54;61;49,5;65;113;140;22,63461;8,56;41;14;12;2;0;0;7,365385;0;0;1;0;0;1;0;0;0;4924;1;0;0;0;1;43;13;0;0;0;0;0;1;0;0;1;0;0;1;0;0;0
31;34;22;35;49;35;31,25;61;118;161;10,023077;9,2;60;13;12;5;0;0;2,057692;0;1;0;0;1;0;1;0;0;3317;1;0;1;0;0;41;12;0;0;0;0;0;1;0;0;0;1;0;1;0;0;0
52;39;51;57;53;56;46,5;65;111;160;14,21154;23,15;40,1;12;6;1;1;0;13,21154;1;1;0;0;0;0;1;0;0;4763;1;0;0;0;1;44;15;0;0;0;0;1;0;0;0;0;1;0;1;0;0;0
35;48;43;57;52;40;49;64;127;194;14,99615;15,48;39,9;13;13;2;1;1;9,230769;0;0;1;0;1;0;1;0;0;622;1;0;1;0;0;38;15;0;0;0;0;0;1;0;0;1;0;0;1;0;0;0
50;49;51;55;62;51;51;66;130;129;13,01923;12,65;49;12;12;3;1;0;3,423077;0;1;0;0;1;0;0;1;0;11866;1;0;0;0;1;42;18;0;0;0;1;0;0;0;0;1;0;1;0;0;0;0
35;45;38;36;45;44;41;59;87;104;7,711538;7,6;60;10;10;1;0;0;0,5192308;0;0;1;0;0;0;0;0;1;1361;1;0;0;0;1;38;8;0;0;0;0;0;0;1;0;0;1;0;1;0;0;0
49;35;55;40;52;56;41,25;65;125;130;21,67692;11,74;39,9;12;12;3;1;0;4,519231;0;0;1;0;1;1;0;0;0;3134;1;0;0;0;1;43;12;0;0;0;0;0;1;0;1;0;0;1;0;0;0;0
56;52;59;53;43;52;54;69;126;148;16,5;10,15;39,9;12;11;6;1;0;5,442307;0;0;1;0;1;0;1;0;0;5702;1;0;0;0;1;44;13;0;0;0;0;0;1;0;0;0;1;0;1;0;0;0
39;37;31;38;37;49;35,75;63;150;176;12,63846;;32,1;6;7;11;1;0;6,846154;0;0;1;0;1;1;0;0;0;290;1;0;0;1;0;42;10;0;0;0;0;0;0;1;0;1;0;0;0;1;0;0
64;66;60;59;55;58;62,75;62;105;141;4,023077;18,1;45,1;16;17;1;1;0;1,903846;1;1;0;0;0;0;0;0;1;4107;1;0;0;0;1;40;19;0;0;1;0;0;0;0;0;0;1;1;0;0;0;0
48;49;43;53;61;56;48,5;68;129;168;15,59231;33,46;50;13;12;1;1;0;13,46154;0;0;1;0;1;0;0;1;0;11868;1;0;0;0;1;37;16;0;0;0;1;0;0;0;0;1;0;0;1;0;0;0
45;36;48;39;42;48;39,75;65;146;231;10,11154;9,03;40,1;12;11;5;0;1;11,13461;1;1;0;0;0;0;0;0;1;5485;1;0;1;0;0;37;16;0;0;0;1;0;0;0;0;0;1;0;1;0;0;0
43;46;51;48;53;58;47,75;68;131;171;21,48077;18;16;12;12;3;1;0;6,711538;0;0;1;0;1;0;1;0;0;3023;1;0;0;0;1;40;12;0;0;0;0;0;1;0;0;1;0;0;1;0;0;0
47;59;49;62;60;57;57,25;65;109;129;16,82308;25,27;54,9;17;12;4;1;0;11,51923;0;0;1;0;1;0;0;1;0;1733;1;0;0;0;1;40;16;0;0;0;1;0;0;0;0;1;0;1;0;0;0;0
49;43;51;45;54;56;45,5;66;153;215;4,134615;9,1;20,1;8;8;9;0;1;0,0769231;0;0;1;0;1;0;0;1;0;5687;1;0;0;0;1;39;12;0;0;0;0;0;1;0;0;1;0;0;0;1;0;0
62;57;55;47;62;62;54;67;161;159;14,36154;39,82;48;12;13;2;0;0;2,769231;0;1;0;0;1;0;0;0;1;4841;1;0;0;0;1;39;15;0;0;0;0;1;0;0;0;1;0;0;1;0;0;0
57;55;60;59;61;63;57,25;64;160;154;19,46154;16,15;39,9;12;14;4;0;0;7,230769;0;0;1;0;1;0;0;0;1;3364;1;0;0;0;1;42;14;0;0;0;0;0;1;0;0;1;0;0;0;1;0;0
54;62;55;58;62;58;59,25;66;116;171;;20,9;44,9;13;12;1;1;0;7,634615;0;0;1;0;1;0;0;0;1;5121;1;0;0;0;1;43;12;0;0;0;0;0;0;0;0;0;1;0;1;0;0;0
45;48;43;47;54;51;46,5;61;230;249;9,884615;10,42;30,1;15;12;2;0;0;5,653846;0;1;0;0;1;0;0;1;0;4576;1;0;0;0;1;41;18;0;0;0;1;0;0;0;1;0;0;0;0;1;0;0
57;62;53;59;51;50;59;61;99;125;14,09615;9,15;44;12;12;3;1;0;0,1730769;0;0;1;0;2;0;1;0;0;11871;1;0;0;0;1;39;15;0;0;0;0;0;1;0;1;0;0;0;1;0;0;0
52;56;58;52;55;59;55,5;62;113;146;14,30769;23;44,1;12;8;2;1;0;13,03846;0;0;1;0;1;0;1;0;0;3775;1;0;0;0;1;41;16;0;0;0;1;0;0;0;0;1;0;1;0;0;0;0
64;65;60;55;61;66;61,25;64;128;135;19,26923;10,31;60,1;12;10;2;1;0;2,884615;1;1;0;0;1;0;1;0;0;912;1;0;0;0;1;44;16;0;0;0;1;0;0;0;0;1;0;0;1;0;0;0
45;36;34;33;48;49;34,75;60;146;196;15,45769;16,1;40,1;10;15;3;0;1;0,4423077;0;0;1;0;1;0;0;1;0;1751;1;0;0;1;0;41;12;0;0;0;0;0;0;1;0;0;1;0;0;1;0;0
41;52;56;60;63;65;55;64;125;131;18,88461;11,72;38,1;11;5;4;1;0;1,673077;0;0;1;0;0;0;1;0;0;3496;1;0;0;0;1;42;14;0;0;0;0;1;0;0;0;1;0;0;0;1;0;0
49;44;49;49;46;53;46,5;60;104;114;12,98077;7,9;30,1;13;11;3;0;0;5,365385;0;0;1;0;1;0;0;0;1;843;1;0;0;0;1;40;12;0;0;0;0;0;1;0;0;0;1;0;1;0;0;0
57;57;61;59;56;63;58,5;68;140;136;11,07308;24,03;39,9;12;20;3;1;0;4,038462;0;1;0;0;0;1;0;0;0;4290;1;0;0;0;1;41;20;0;1;0;0;0;0;0;0;0;1;0;1;0;0;0
51;54;56;56;63;66;55;68;117;124;15,31154;25,09;42,1;12;12;2;1;0;8,903846;1;1;0;0;1;0;1;0;0;4826;1;0;0;0;1;41;18;0;0;1;0;0;0;0;0;1;0;0;0;1;0;0
55;60;55;57;55;45;58;64;102;111;16,69615;38,36;30;8;11;0;1;0;4,634615;0;0;1;0;1;0;0;0;1;12096;1;0;0;0;1;38;15;0;0;0;0;0;1;0;0;0;1;0;1;0;0;0
34;34;29;38;32;43;33,75;60;116;127;16,94615;13,7;39,9;5;10;5;1;1;2,942308;0;0;1;0;1;1;0;0;0;382;1;0;1;0;0;43;13;0;0;0;0;0;1;0;0;0;1;0;1;0;0;0
53;58;60;52;46;50;57;68;135;159;18,93846;32,05;45,1;16;16;3;1;0;1,769231;0;0;1;0;1;1;0;0;0;4988;1;0;0;0;1;41;16;0;0;0;1;0;0;0;0;1;0;0;1;0;0;0
57;58;55;55;49;57;56,5;65;114;128;13,09231;18,02;39,9;12;12;3;1;0;1,307692;0;1;0;0;1;0;0;0;1;5351;1;0;0;0;1;38;18;0;0;1;0;0;0;0;0;1;0;0;0;1;0;0
49;46;44;49;53;58;46,25;65;124;161;18,55769;16,75;39,9;12;6;1;1;0;1,480769;0;0;1;0;0;0;0;0;1;4120;1;0;0;0;1;42;13;0;0;0;0;1;0;0;0;1;0;0;0;0;0;1
30;33;27;30;33;34;30,75;63;116;120;10,13077;6,6;29,9;9;8;5;0;1;0,3653846;0;0;1;0;0;0;0;0;1;5469;1;0;0;0;1;38;6;0;0;0;0;0;0;1;0;0;1;0;1;0;0;0
50;42;48;49;50;60;45,25;68;249;281;23,07692;8,6;40,1;7;8;4;0;0;0,4807692;0;1;0;0;1;0;0;0;1;11953;1;0;0;0;1;42;12;0;0;0;0;0;1;0;0;1;0;0;1;0;0;0
49;45;44;62;52;58;49;63;130;189;17,97692;3,88;45;10;11;2;1;0;1,134615;0;0;1;0;1;0;0;0;1;1444;1;0;0;1;0;40;13;0;0;0;0;0;1;0;1;0;0;0;0;1;0;0
58;50;59;54;51;46;53,25;63;138;171;10,66923;6,1;25,1;9;12;3;0;0;0,8269231;0;0;1;0;0;0;0;0;1;2615;1;0;0;0;1;37;12;0;0;0;0;0;1;0;0;1;0;0;1;0;0;0
46;61;56;57;41;48;58,75;63;121;128;15,59231;16,62;48;12;12;2;1;0;9,596154;1;1;0;0;1;0;0;0;1;1323;1;0;0;0;1;40;17;0;0;1;0;0;0;0;0;1;0;0;1;0;0;0
58;61;59;60;63;62;60,25;63;116;146;19,63846;29,16;40;13;12;4;1;1;4,288462;0;0;1;0;1;0;1;0;0;3424;1;0;0;0;1;43;14;0;0;0;0;1;0;0;0;0;1;0;1;0;0;0
57;58;56;59;62;56;57,75;64;135;139;14,86154;19,5;49,9;12;12;2;1;0;3,076923;0;1;0;0;1;0;0;1;0;4564;1;0;1;0;0;44;16;0;0;0;1;0;0;0;0;1;0;0;0;1;0;0
54;42;55;60;46;52;49,75;62;124;191;15,01923;6,25;40,1;12;12;0;1;;9,826923;0;1;0;0;0;0;0;0;1;5066;1;0;0;0;1;38;18;0;0;1;0;0;0;0;0;1;0;0;0;0;0;1
57;63;62;62;63;63;62,5;67;119;135;;24,02;55;9;12;4;1;0;5,038462;0;0;1;0;1;0;0;1;0;4190;1;0;0;0;1;41;20;0;0;0;1;0;0;0;0;0;1;0;0;1;0;0
51;38;46;47;52;54;42,25;61;188;166;20,40385;15,78;40;7;11;1;0;1;19,53846;0;1;0;0;0;0;0;0;1;4219;1;0;0;0;1;40;14;0;0;0;0;0;1;0;0;1;0;0;1;0;0;0
39;43;34;41;46;51;40,25;63;101;127;17,57692;38,36;44,9;12;12;10;1;0;1,038462;0;0;1;0;1;0;0;1;0;1727;1;0;0;0;1;38;12;0;0;0;0;0;1;0;0;1;0;0;0;1;0;0
55;56;58;52;63;44;55,5;63;139;155;21,20769;9,71;49,9;14;15;1;1;0;21,15385;0;0;1;0;0;1;0;0;0;3243;1;0;0;0;1;44;16;0;0;0;1;0;0;0;0;0;1;0;1;0;0;0
45;45;55;53;49;53;49,5;61;110;145;18,84615;7,47;40,1;12;10;1;1;0;0,0961538;0;0;1;0;0;0;0;0;1;4929;1;0;0;0;1;41;14;0;0;0;0;1;0;0;0;1;0;0;1;0;0;0
29;35;30;42;45;31;35,5;64;149;255;6,215385;7,75;12;11;11;13;1;0;0,0961538;0;0;1;0;1;0;1;0;0;3544;1;0;1;0;0;39;12;0;0;0;0;0;1;0;0;0;1;0;1;0;0;0
41;36;38;43;39;55;38,25;64;170;189;17,26539;21,06;25,1;12;12;3;0;0;8,038462;1;0;1;0;1;1;0;0;0;1962;1;0;0;0;1;43;12;0;0;0;0;0;1;0;0;1;0;0;1;0;0;0
45;43;45;54;35;42;46,25;67;143;181;7,211538;2,5;39,9;10;10;3;1;0;5,25;0;0;1;0;0;0;1;0;0;5286;1;0;0;0;1;40;12;0;0;0;0;0;1;0;0;1;0;0;1;0;0;0
58;53;58;46;45;49;52,5;68;144;157;11,38077;10,9;11,9;14;18;1;1;;4,461538;0;1;0;0;1;0;0;1;0;12099;1;0;0;0;1;37;18;0;0;0;1;0;0;0;0;1;0;0;0;1;0;0
64;65;60;56;52;60;61,5;65;119;123;14,88846;27,77;17,9;12;12;2;1;0;8,923077;0;0;1;0;0;1;0;0;0;455;1;0;0;0;1;43;20;1;0;0;0;0;0;0;0;1;0;0;0;1;0;0
51;53;47;56;56;46;52,25;66;169;195;19,28461;19;47,9;12;16;10;0;1;19,32692;1;0;1;0;1;0;0;0;1;2770;1;0;1;0;0;43;16;0;0;0;1;0;0;0;0;1;0;0;0;0;0;1
58;54;61;59;53;62;57;70;134;161;20,21154;28,07;55;12;9;3;0;0;5,923077;0;0;1;0;1;0;0;1;0;5705;1;0;0;0;1;42;12;0;0;0;0;0;1;0;0;1;0;0;0;1;0;0
35;37;39;39;53;51;38;63;101;110;18,40769;11,18;14,9;12;12;2;1;0;1,769231;0;1;0;0;0;0;1;0;0;485;1;0;0;0;1;40;12;0;0;0;0;0;0;1;0;1;0;0;0;1;0;0
57;65;56;59;54;55;61,25;61;110;134;18,99615;21,2;41;12;12;2;1;0;15,96154;0;0;1;0;1;0;1;0;0;4873;1;0;0;0;1;41;16;0;0;0;1;0;0;0;0;1;0;0;0;1;0;0
55;44;61;54;54;47;50,75;60;115;108;16,25;23,45;20;14;15;3;1;0;10,96154;1;1;0;0;1;0;1;0;0;3609;1;0;0;0;1;42;14;0;0;0;0;1;0;0;0;0;1;0;0;1;0;0
34;45;39;36;53;53;41,25;61;134;115;21,72692;12,3;39,9;10;10;3;1;0;1,057692;0;0;1;0;1;1;0;0;0;3199;1;0;0;0;1;40;12;0;0;0;0;0;1;0;0;0;1;0;1;0;0;0
54;65;62;62;63;70;63,5;66;125;166;7,888462;2,13;30;12;8;1;1;1;0,3461539;0;0;1;0;1;1;0;0;0;3041;1;0;0;0;1;43;13;0;0;0;0;0;1;0;0;1;0;0;1;0;0;0
43;36;39;27;35;46;34,5;65;127;139;7,234615;17,05;44,9;10;9;5;1;0;3,192308;0;0;1;0;1;0;0;1;0;2405;1;0;0;0;1;42;16;0;0;0;0;1;0;0;0;1;0;0;1;0;0;0
44;66;60;59;51;66;62,75;63;139;186;22,01923;25,82;35;12;6;0;1;0;20,71154;0;0;1;0;1;1;0;0;0;3036;1;0;0;0;1;44;12;0;0;0;0;0;1;0;0;1;0;0;0;1;0;0
43;48;53;47;54;57;49;60;86;141;14,51539;14,85;39,9;12;12;3;1;0;6,980769;0;0;1;0;1;0;1;0;0;3837;1;0;0;0;1;39;12;0;0;0;0;0;1;0;0;1;0;0;0;1;0;0
36;47;51;44;45;51;47,25;66;125;139;18,40385;13,79;39,9;13;13;3;1;1;1,115385;0;0;1;0;0;0;1;0;0;5282;1;0;0;0;1;43;13;0;0;0;0;0;1;0;0;1;0;0;0;0;0;1
52;54;53;62;58;57;55,75;67;119;133;16,99615;23;40;11;10;4;1;0;14,73077;0;1;0;0;1;0;0;0;1;1394;1;0;0;0;1;42;15;0;0;0;0;1;0;0;0;1;0;0;0;0;0;1
47;44;45;46;53;53;44,75;71;146;116;12,45769;12,24;47,9;4;14;8;0;1;8,115385;0;1;0;0;0;0;0;0;1;2652;1;0;0;1;0;37;12;0;0;0;0;0;1;0;0;0;1;0;0;1;0;0
63;54;59;54;44;54;55,25;62;120;132;15,13461;9,9;32,9;16;18;5;1;0;9,442307;0;1;0;0;0;1;0;0;0;5199;1;0;0;0;1;44;15;0;0;0;0;0;1;0;0;1;0;0;0;1;0;0
51;54;54;59;39;39;55,25;62;170;186;15,35;11,9;40,1;8;8;0;0;0;7,192307;0;0;1;0;1;0;0;0;1;4151;1;0;0;0;1;44;12;0;0;0;0;0;1;0;0;1;0;0;1;0;0;0
47;47;57;56;61;62;51,75;62;143;162;14,34615;17;45;12;12;3;0;;6,134615;0;0;1;0;1;0;0;1;0;1589;1;0;0;0;1;40;16;0;0;0;1;0;0;0;1;0;0;0;1;0;0;0
63;55;57;59;53;53;56,5;69;200;201;16,23461;36,63;39,9;12;12;2;1;0;4;0;0;1;0;2;0;0;0;1;4976;1;0;0;0;1;37;15;0;0;0;1;0;0;0;0;0;1;0;0;1;0;0
46;56;46;56;43;53;53,5;66;137;226;;12,4;39,9;12;14;2;1;0;12,42308;0;0;1;0;1;0;0;0;1;1510;1;0;0;0;1;38;16;0;0;0;1;0;0;0;1;0;0;0;1;0;0;0
41;42;47;57;57;58;47;61;110;99;18,81154;10,57;39,9;12;12;3;1;0;4,884615;0;0;1;0;0;0;0;0;1;2342;1;0;0;0;1;40;12;0;0;0;0;0;1;0;0;1;0;0;1;0;0;0
51;52;56;56;55;62;54;67;154;140;10,36154;6,9;39,9;8;5;4;0;1;0,5769231;0;0;1;0;0;0;0;0;1;2781;1;0;0;0;1;42;12;0;0;0;0;0;1;0;0;1;0;0;0;0;0;1
47;38;49;50;51;51;43,75;65;156;166;13,19231;16,24;39,9;12;11;4;1;0;7;0;1;0;0;1;0;1;0;0;3545;1;0;1;0;0;39;14;0;0;0;0;0;1;0;0;0;1;0;0;1;0;0
29;34;36;44;50;54;37;62;125;140;18,01539;43,75;35;12;10;1;1;0;9,942307;0;0;1;0;1;0;0;1;0;1646;1;0;0;1;0;37;14;0;0;0;0;0;1;0;0;0;1;0;0;1;0;0
56;48;58;56;57;59;52,5;65;119;176;17,28461;13,1;40;12;9;1;1;0;6,538462;0;0;1;0;1;0;0;0;1;5511;1;0;0;0;1;42;14;0;0;0;0;0;1;0;0;1;0;0;1;0;0;0
46;45;52;53;51;48;48,75;60;150;189;19,11539;16,05;50,1;12;14;2;1;0;11,03846;0;0;0;1;0;0;1;0;0;1037;1;0;0;0;1;40;12;0;0;0;1;0;0;0;0;0;1;0;1;0;0;0
58;59;56;52;60;51;56,5;64;108;149;11,49615;6,38;39,9;12;12;0;1;0;2,961539;1;1;0;0;1;0;1;0;0;3787;1;0;0;0;1;45;15;0;0;0;0;0;1;0;0;0;1;0;1;0;0;0
62;52;61;61;53;66;56,5;59;100;125;17,46154;19,7;32;12;12;2;1;0;15,71154;0;0;1;0;1;0;0;0;1;5301;1;0;0;0;1;39;12;0;0;0;0;0;1;0;0;1;0;0;1;0;0;0
65;65;61;62;55;55;63,25;66;124;103;20,07308;62,69;40;18;20;1;1;0;1,519231;0;0;1;0;1;1;0;0;0;2848;1;0;0;0;1;42;16;0;0;0;1;0;0;0;0;0;1;0;0;0;0;1
49;54;59;59;54;33;56,5;64;120;139;22,11154;23,93;40,1;17;12;0;1;0;2,538461;0;0;1;0;1;1;0;0;0;4684;1;0;0;0;1;44;13;0;0;0;0;1;0;0;0;1;0;0;0;1;0;0
49;64;60;59;61;46;61,75;64;136;166;14,22692;6,05;25,1;12;12;2;1;0;8,826923;0;0;1;0;1;0;1;0;0;2013;1;0;0;0;1;42;12;0;0;0;0;0;1;0;0;1;0;0;0;1;0;0
33;45;34;53;52;53;44,25;63;122;148;17,93846;16,24;39,9;11;11;4;1;0;1,269231;0;0;1;0;1;0;0;0;1;1131;1;0;0;1;0;43;12;0;0;0;0;0;1;0;0;0;1;0;0;1;0;0
42;41;42;60;52;53;46;65;110;120;12,85;12,87;40,1;9;8;5;1;0;0,4038461;1;1;0;0;1;0;1;0;0;4746;1;0;0;0;1;39;12;0;0;0;0;0;1;0;0;0;1;0;0;0;0;1
43;36;38;37;51;54;36,75;61;119;159;14,79231;10,21;32;12;12;4;1;;1,807692;1;1;0;0;1;0;1;0;0;2521;1;0;0;0;1;39;12;0;0;0;0;0;1;0;0;1;0;0;0;1;0;0
63;57;60;60;53;56;58,5;63;156;229;18,15769;6,9;15;16;7;4;1;0;4,615385;1;1;0;0;0;1;0;0;0;244;1;0;0;0;1;45;12;0;0;0;0;0;1;0;0;1;0;0;1;0;0;0
59;65;62;62;63;69;63,5;67;125;141;16,33077;17,14;34,9;12;13;2;1;0;10,71154;0;0;0;1;1;0;0;0;1;3812;1;0;0;0;1;42;16;0;0;0;1;0;0;0;0;1;0;0;1;0;0;0
59;51;60;60;50;54;55,5;69;159;189;17,32692;27,33;35;15;12;1;1;0;22,03846;1;1;0;0;1;1;0;0;0;140;1;0;0;0;1;43;17;0;0;1;0;0;0;0;0;1;0;0;0;1;0;0
54;57;41;52;61;60;51,75;62;113;141;18,54231;23,1;19,9;12;12;3;1;0;3,615385;0;0;1;0;1;0;1;0;0;952;1;0;0;0;1;38;12;0;0;0;0;0;1;0;0;1;0;0;1;0;0;0
40;36;38;40;53;47;37,5;65;149;220;19,75;8,62;40,1;7;10;3;1;0;20,48077;0;1;0;0;0;0;0;0;1;5510;1;0;0;0;1;40;12;0;0;0;0;0;1;0;1;0;0;0;1;0;0;0
48;62;59;63;63;72;61,5;61;102;100;23,09231;17,66;46;11;11;7;1;0;24,84615;0;0;1;0;0;0;1;0;0;12018;1;0;0;0;1;45;12;0;0;0;0;0;1;0;0;0;1;0;0;1;0;0
53;55;50;61;56;46;55,25;62;115;135;10,20769;20,63;41;14;16;4;1;0;1,961538;1;1;0;0;1;0;1;0;0;2016;1;0;0;0;1;41;17;0;0;0;0;0;0;0;0;1;0;0;1;0;0;0
41;51;39;60;53;48;50,25;68;160;201;19,63077;13,85;39,9;10;8;5;1;;5,134615;0;0;1;0;1;0;1;0;0;982;1;0;0;0;1;39;12;0;0;0;0;0;1;0;1;0;0;0;0;1;0;0
39;41;40;36;51;35;39,5;64;105;116;17,73461;13,9;37,9;14;12;4;1;0;17,26923;1;0;1;0;1;0;1;0;0;3457;1;0;0;0;1;39;14;0;0;0;0;1;0;0;0;0;1;0;0;1;0;0
51;50;54;54;52;59;52;67;159;230;22,96154;24,13;20;10;9;8;1;0;8,961538;0;0;1;0;1;0;0;1;0;4538;1;0;0;0;1;45;12;0;0;0;0;0;1;0;0;1;0;0;1;0;0;0
44;38;51;55;51;56;45,5;65;128;156;16,36154;4,64;54,9;12;6;2;0;;4,865385;0;1;0;0;0;0;0;0;1;2731;1;0;0;0;1;40;16;0;0;0;1;0;0;0;0;1;0;0;1;0;0;0
37;44;49;45;51;54;45,5;66;119;120;17,57692;16,72;39,9;12;12;3;1;0;0,6346154;0;0;1;0;1;0;0;1;0;1848;1;0;0;1;0;40;13;0;0;0;0;0;1;0;0;1;0;0;0;1;0;0
44;39;47;50;52;51;43,75;69;140;189;7,307693;9,6;40;9;8;12;1;1;7,730769;0;1;0;0;1;0;1;0;0;682;1;0;1;0;0;39;12;0;0;0;0;0;1;0;1;0;0;0;1;0;0;0
42;54;53;57;56;55;54,5;67;149;191;;13,96;40;12;12;2;1;1;1,057692;0;0;1;0;1;0;0;0;1;1179;1;0;0;0;1;39;12;0;0;0;0;0;1;0;0;1;0;0;1;0;0;0
41;44;33;29;52;34;37,5;65;241;180;20,71539;30,55;36;12;11;3;1;0;0,4230769;0;0;1;0;1;0;0;0;1;491;1;0;0;0;1;42;12;0;0;0;0;0;1;0;0;1;0;0;0;1;0;0
52;39;54;58;52;47;47,5;69;233;299;13,06154;5,27;39,9;12;6;2;0;;1,846154;0;0;1;0;0;0;0;0;1;2785;1;0;0;0;1;42;12;0;0;0;0;0;1;0;0;1;0;0;1;0;0;0
35;39;34;45;34;56;39,25;65;131;151;6,426923;6;40,1;5;8;1;0;0;1;1;0;1;0;0;0;1;0;0;530;1;0;0;0;1;45;9;0;0;0;0;0;0;1;0;1;0;0;1;0;0;0
49;38;51;54;52;48;45,25;63;149;249;13,09615;11,97;39,9;12;16;1;1;0;3,480769;1;1;0;0;1;0;1;0;0;11901;1;0;0;0;1;42;14;0;0;0;0;1;0;0;0;0;1;0;1;0;0;0
42;42;56;56;62;58;49;64;139;160;17,18846;14,28;21,1;12;12;3;1;0;2,365385;0;0;1;0;0;0;1;0;0;3606;1;0;0;0;1;41;13;0;0;0;0;0;1;0;0;1;0;0;0;1;0;0
54;52;49;60;54;54;53,25;64;130;159;22,32692;14,23;40,1;12;8;5;1;0;6,384615;1;1;0;0;1;0;0;1;0;5262;1;0;0;0;1;41;12;0;0;0;0;0;1;0;1;0;0;0;1;0;0;0
61;63;58;55;62;63;59,75;64;144;193;13,94615;41,66;30;12;16;2;1;0;17,80769;1;1;0;0;0;0;0;0;1;11918;1;0;0;0;1;40;17;0;0;0;1;0;0;0;0;1;0;0;1;0;0;0
49;48;51;51;54;53;49,5;72;159;219;22,99615;7,79;37;14;16;2;1;0;15,03846;0;1;0;0;1;0;0;0;1;5037;1;0;0;0;1;43;14;0;0;0;0;0;1;0;0;1;0;0;1;0;0;0
57;52;58;59;50;46;55,25;63;124;201;16,09615;11,87;51;12;16;2;1;0;15,86539;0;0;1;0;0;0;1;0;0;3406;1;0;0;0;1;38;17;0;0;0;1;0;0;0;1;0;0;0;1;0;0;0
53;60;53;58;61;70;57,75;68;151;200;22,9;19,13;35,1;12;12;6;1;0;7,403846;0;0;1;0;1;1;0;0;0;49;1;0;0;0;1;44;14;0;0;0;0;1;0;0;0;1;0;0;0;1;0;0
31;58;38;48;60;49;50,5;64;140;201;12,86923;6,5;12;12;12;4;1;1;2,25;0;0;1;0;1;1;0;0;0;249;1;0;0;0;1;39;17;0;0;0;0;1;0;0;0;1;0;0;1;0;0;0
37;41;41;28;37;44;37,75;64;260;175;12,88461;6,84;38;8;9;2;0;1;3,25;0;0;1;0;1;0;1;0;0;11818;1;0;0;0;1;39;10;0;0;0;0;0;0;1;0;0;1;1;0;0;0;0
39;45;49;49;50;44;47;64;109;120;16,23077;7;50;10;10;1;1;1;1,365385;0;0;1;0;1;0;0;1;0;1548;1;0;0;0;1;41;10;0;0;0;0;0;0;1;0;0;1;0;1;0;0;0
51;55;55;56;53;49;55,25;67;120;151;17,97692;20,09;40;13;12;3;1;0;1,75;1;1;0;0;1;0;1;0;0;1039;1;0;0;0;1;42;15;0;0;0;0;0;1;0;0;0;1;0;0;0;0;1
58;65;60;52;56;55;60,5;72;121;136;21,23077;47,76;45;12;12;1;1;0;11;0;0;1;0;0;1;0;0;0;3150;1;0;0;0;1;43;16;0;0;0;1;0;0;0;0;1;0;0;0;1;0;0
49;51;52;58;62;41;53;63;139;191;11,36539;8;15;12;13;2;1;0;3,826923;0;1;0;0;1;0;1;0;0;4001;1;0;0;0;1;40;13;0;0;0;0;0;1;0;0;1;0;0;1;0;0;0
47;43;45;40;51;49;42,75;64;111;144;17,34231;9,25;39,9;12;12;1;1;0;5,326923;0;0;1;0;0;0;0;0;1;2275;1;0;0;0;1;37;12;0;0;0;0;0;1;0;0;1;0;0;1;0;0;0
43;55;36;54;62;66;50;66;139;144;15,36923;13,56;40;12;12;2;1;0;12,03846;0;0;1;0;1;0;0;0;1;4125;1;0;0;0;1;39;13;0;0;0;0;0;1;0;0;0;1;0;1;0;0;0
54;48;58;58;52;43;53;62;114;126;18,90769;15,1;39,9;9;10;4;1;0;2,692308;0;0;1;0;0;0;0;0;1;4931;1;0;0;0;1;38;14;0;0;0;0;0;1;0;0;1;0;0;1;0;0;0
43;44;43;51;60;65;45,5;69;124;129;7,230769;8,2;16,9;12;12;3;1;0;1;1;0;1;0;1;0;1;0;0;3397;1;0;0;0;1;38;12;0;0;0;0;0;1;0;0;1;0;0;0;1;0;0
53;63;54;55;56;58;58,75;68;151;196;12,68846;12;34,9;12;8;4;0;0;0,6153846;0;0;1;0;1;0;0;1;0;5212;1;0;0;0;1;44;17;0;0;0;1;0;0;0;0;0;1;0;1;0;0;0
44;46;41;59;50;42;48;65;124;162;17,82692;18;40;16;9;2;1;0;0,1730769;0;0;1;0;1;0;0;0;1;2156;1;0;0;0;1;38;12;0;0;0;0;0;1;0;0;0;1;0;1;0;0;0
33;37;38;46;52;49;39,5;63;115;125;20,07308;21,87;39,9;10;12;2;0;0;0,5961539;1;0;1;0;1;0;1;0;0;3512;1;0;0;0;1;37;12;0;0;0;0;0;1;0;0;1;0;0;0;1;0;0
40;38;29;33;39;50;34,5;64;163;200;8,388462;6,9;39,9;10;9;2;1;1;0,7307692;0;0;1;0;1;0;0;0;1;1438;1;0;1;0;0;39;12;0;0;0;0;0;1;0;1;0;0;0;0;1;0;0
56;45;55;54;54;47;49,75;64;116;146;13,86154;12,1;20,1;12;9;6;1;0;9,038462;0;0;1;0;1;0;1;0;0;3523;1;0;0;0;1;39;12;0;0;0;0;0;1;0;0;1;0;0;0;1;0;0
51;38;41;40;31;47;39,25;69;249;209;21,46539;7,13;38;9;12;4;1;0;0,8846154;1;0;1;0;1;0;0;0;1;11834;1;0;0;0;1;43;9;0;0;0;0;0;0;1;1;0;0;0;1;0;0;0
55;46;57;51;42;46;50;62;140;171;19,32308;11,9;40,1;12;12;4;1;0;14,48077;1;1;0;0;1;0;1;0;0;861;1;0;0;0;1;39;12;0;0;0;0;0;1;0;1;0;0;0;1;0;0;0
43;50;48;34;55;49;45,5;62;151;169;21,93846;10,18;40;12;9;2;1;0;3,346154;0;0;1;0;0;0;0;0;1;2203;1;0;0;0;1;40;12;0;0;0;0;0;1;0;0;0;1;0;1;0;0;0
55;58;56;54;61;57;56,5;64;127;141;22,26923;20,82;45;8;12;1;1;0;15,86539;0;0;1;0;1;0;1;0;0;12022;1;0;0;0;1;45;12;0;0;0;0;0;1;0;0;1;0;0;0;1;0;0
60;63;56;56;53;61;59,5;65;116;130;18,75;9,25;44;12;14;2;1;;3,134615;0;0;1;0;0;0;1;0;0;3879;1;0;0;0;1;42;13;0;0;0;0;0;1;0;0;1;0;0;1;0;0;0
55;47;47;60;32;31;50,25;66;134;159;16,69615;17,4;40;7;7;5;1;0;10,11539;0;0;1;0;1;0;0;0;1;1519;1;0;1;0;0;41;12;0;0;0;0;0;1;0;0;0;1;0;1;0;0;0
62;45;60;60;52;59;52,5;68;119;125;18,55385;27,17;38,1;12;12;2;1;0;12,5;0;1;0;0;1;1;0;0;0;3146;1;0;0;0;1;42;17;0;0;1;0;0;0;0;0;0;1;0;1;0;0;0
46;50;59;62;55;63;55,25;68;128;128;17,74615;9;39,9;12;10;4;1;0;3,596154;0;0;1;0;2;0;0;0;1;5049;1;0;0;0;1;43;13;0;0;0;0;0;1;0;0;1;0;0;1;0;0;0
50;47;41;49;53;41;46;63;140;137;12,76539;9,35;32;12;13;4;1;0;8,634615;0;0;1;0;1;0;1;0;0;4972;1;0;0;0;1;40;13;0;0;0;0;0;1;0;0;0;1;0;1;0;0;0
63;58;60;63;62;47;59,75;64;115;133;18,53846;29,37;28,1;18;16;1;1;0;1,980769;0;0;1;0;0;0;0;0;1;2186;1;0;0;0;1;43;16;0;0;0;1;0;0;0;0;1;0;0;1;0;0;0
52;58;60;62;61;68;59,5;60;106;125;19,41923;36,24;52;12;12;4;1;0;4,076923;0;0;1;0;1;0;0;0;1;810;1;0;0;0;1;42;16;0;0;0;1;0;0;0;0;1;0;0;0;1;0;0
40;35;36;32;46;49;34,5;68;121;170;8,053846;8,9;39,9;12;11;0;1;;0,3653846;0;0;1;0;0;0;0;0;1;5014;1;0;0;0;1;38;10;0;0;0;0;0;0;1;0;1;0;0;1;0;0;0
34;37;34;34;42;44;35,5;61;103;140;15,80385;;45;0;0;8;0;1;4,269231;0;0;1;0;1;0;0;0;1;2706;1;0;0;1;0;40;12;0;0;0;0;0;1;0;1;0;0;0;0;1;0;0
46;40;47;51;43;45;44,5;62;101;119;17,50385;16,63;50;10;14;2;0;0;9,461538;0;0;1;0;1;0;0;1;0;2408;1;0;0;0;1;42;12;0;0;0;0;0;1;0;0;1;0;0;0;1;0;0
43;36;44;50;52;61;41,5;;140;146;;16,9;40;12;12;2;1;0;2,307692;0;0;1;0;1;1;0;0;0;2879;1;0;0;0;1;45;12;0;0;0;0;0;1;0;0;0;1;0;0;1;0;0
56;63;59;56;63;55;60,25;64;121;115;9,869231;32,1;20,1;14;19;1;1;0;5,615385;0;0;1;0;1;0;0;1;0;3855;1;0;0;0;1;38;20;0;0;0;1;0;0;0;0;1;0;0;1;0;0;0
63;65;60;60;61;45;62,5;66;126;126;15,86923;15;15,1;12;19;1;1;0;0,7692308;0;0;1;0;1;1;0;0;0;369;1;0;0;0;1;43;16;0;0;0;1;0;0;0;0;1;0;0;1;0;0;0
43;45;54;51;43;35;48,75;68;129;141;21,59231;27,42;;12;9;3;1;0;18,80769;0;0;1;0;1;0;1;0;0;963;1;0;0;0;1;39;12;0;0;0;0;0;1;0;0;0;1;0;1;0;0;0
50;46;56;51;49;42;49,75;64;140;191;9,734615;10,9;40;12;11;2;1;0;0,3461539;0;0;1;0;1;1;0;0;0;5631;1;0;1;0;0;38;13;0;0;0;0;0;0;1;0;0;1;0;1;0;0;0
43;48;42;47;50;51;46,25;62;141;179;22,42692;14,32;40;10;3;1;0;0;23,55769;0;0;1;0;0;0;0;0;1;2746;1;0;0;0;1;42;13;0;0;0;0;0;1;0;0;1;0;0;1;0;0;0
50;51;55;50;41;45;51,75;65;114;179;16,17308;14,32;40;8;12;3;0;0;10,40385;1;0;1;0;1;0;1;0;0;3756;1;0;0;0;1;38;12;0;0;0;0;0;1;0;0;0;1;0;0;1;0;0
59;66;53;56;47;48;60,25;67;124;145;18,13846;18,28;55,1;12;12;3;1;0;7,903846;1;0;1;0;0;0;1;0;0;803;1;0;0;0;1;39;12;0;0;0;0;0;1;0;0;1;0;0;0;0;0;1
56;50;51;52;47;47;50,75;69;150;165;16,65385;25,3;39,9;12;12;4;1;0;12,07692;0;0;1;0;1;0;0;1;0;5193;1;0;0;0;1;39;16;0;0;0;0;1;0;0;1;0;0;1;0;0;0;0
